<Interface xmlns:xsi="http://www.w3.org/2001/XMLSchema-instance" xsi:noNamespaceSchemaLocation="../../Interface.xsd">
   <Assets>
		<Texture name="SharedMediaAluminium" file="Textures/Aluminium.tga" />
		<Texture name="SharedMediaArmory" file="Textures/Armory.tga" />
		<Texture name="SharedMediaBantoBar" file="Textures/BantoBar.tga" />
		<Texture name="SharedMediaBars" file="Textures/Bars.tga" />
		<Texture name="SharedMediaBumps" file="Textures/Bumps.tga" />
		<Texture name="SharedMediaButton" file="Textures/Button.tga" />
		<Texture name="SharedMediaCharcoal" file="Textures/Charcoal.tga" />
		<Texture name="SharedMediaCilo" file="Textures/Cilo.tga" />
		<Texture name="SharedMediaCloud" file="Textures/Cloud.tga" />
		<Texture name="SharedMediacombo" file="Textures/combo.tga" />
		<Texture name="SharedMediaComet" file="Textures/Comet.tga" />
		<Texture name="SharedMediaDabs" file="Textures/Dabs.tga" />
		<Texture name="SharedMediaDarkBottom" file="Textures/DarkBottom.tga" />
		<Texture name="SharedMediaDiagonal" file="Textures/Diagonal.tga" />
		<Texture name="SharedMediaEmpty" file="Textures/Empty.tga" />
		<Texture name="SharedMediaFalumn" file="Textures/Falumn.tga" />
		<Texture name="SharedMediaFifths" file="Textures/Fifths.tga" />
		<Texture name="SharedMediaFlat" file="Textures/Flat.tga" />
		<Texture name="SharedMediaFourths" file="Textures/Fourths.tga" />
		<Texture name="SharedMediaFrost" file="Textures/Frost.tga" />
		<Texture name="SharedMediaGlamour" file="Textures/Glamour.tga" />
		<Texture name="SharedMediaGlamour2" file="Textures/Glamour2.tga" />
		<Texture name="SharedMediaGlamour3" file="Textures/Glamour3.tga" />
		<Texture name="SharedMediaGlamour4" file="Textures/Glamour4.tga" />
		<Texture name="SharedMediaGlamour5" file="Textures/Glamour5.tga" />
		<Texture name="SharedMediaGlamour6" file="Textures/Glamour6.tga" />
		<Texture name="SharedMediaGlamour7" file="Textures/Glamour7.tga" />
		<Texture name="SharedMediaGlass" file="Textures/Glass.tga" />
		<Texture name="SharedMediaGlaze" file="Textures/Glaze.tga" />
		<Texture name="SharedMediaGlaze2" file="Textures/Glaze2.tga" />
		<Texture name="SharedMediaGloss" file="Textures/Gloss.tga" />
		<Texture name="SharedMediaGraphite" file="Textures/Graphite.tga" />
		<Texture name="SharedMediaGrid" file="Textures/Grid.tga" />
		<Texture name="SharedMediaHatched" file="Textures/Hatched.tga" />
		<Texture name="SharedMediaHealbot" file="Textures/Healbot.tga" />
		<Texture name="SharedMediaLiteStep" file="Textures/LiteStep.tga" />
		<Texture name="SharedMediaLiteStepLite" file="Textures/LiteStepLite.tga" />
		<Texture name="SharedMediaLyfe" file="Textures/Lyfe.tga" />
		<Texture name="SharedMediaMelli" file="Textures/Melli.tga" />
		<Texture name="SharedMediaMelliDark" file="Textures/MelliDark.tga" />
		<Texture name="SharedMediaMelliDarkRough" file="Textures/MelliDarkRough.tga" />
		<Texture name="SharedMediaMinimalist" file="Textures/Minimalist.tga" />
		<Texture name="SharedMediaOtravi" file="Textures/Otravi.tga" />
		<Texture name="SharedMediaOutline" file="Textures/Outline.tga" />
		<Texture name="SharedMediaPerl" file="Textures/Perl.tga" />
		<Texture name="SharedMediaPerl2" file="Textures/Perl2.tga" />
		<Texture name="SharedMediaPill" file="Textures/Pill.tga" />
		<Texture name="SharedMediaRain" file="Textures/Rain.tga" />
		<Texture name="SharedMediaRocks" file="Textures/Rocks.tga" />
		<Texture name="SharedMediaRound" file="Textures/Round.tga" />
		<Texture name="SharedMediaRuben" file="Textures/Ruben.tga" />
		<Texture name="SharedMediaRunes" file="Textures/Runes.tga" />
		<Texture name="SharedMediaSkewed" file="Textures/Skewed.tga" />
		<Texture name="SharedMediaSmooth" file="Textures/Smooth.tga" />
		<Texture name="SharedMediaSmoothv2" file="Textures/Smoothv2.tga" />
		<Texture name="SharedMediaSmudge" file="Textures/Smudge.tga" />
		<Texture name="SharedMediaSteel" file="Textures/Steel.tga" />
		<Texture name="SharedMediaStriped" file="Textures/Striped.tga" />
		<Texture name="SharedMediaTube" file="Textures/Tube.tga" />
		<Texture name="SharedMediaWater" file="Textures/Water.tga" />
		<Texture name="SharedMediaWglass" file="Textures/Wglass.tga" />
		<Texture name="SharedMediaWisps" file="Textures/Wisps.tga" />
		<Texture name="SharedMediaXeon" file="Textures/Xeon.tga" />
   </Assets>
</Interface>