<Interface xmlns:xsi="http://www.w3.org/2001/XMLSchema-instance" xsi:noNamespaceSchemaLocation="../../Interface.xsd">
	<Scripts>
		<Script file="Moth.lua" />
	</Scripts>
	<Windows>
		<Window name="Moth" handleinput="false" layer="default" >
			<Size>
				<AbsPoint x="24" y="24" />
			</Size>
			<Anchors>
				<Anchor point="bottomright" relativePoint="bottomright" relativeTo="Root">
					<AbsPoint x="-3" y="-245" />
				</Anchor>
			</Anchors>
			
			<Windows>
			
				<FullResizeImage name="$parentBackground" inherits="EA_FullResizeImage_TintableSolidBackground">
					<Anchors>
						<Anchor point="topleft" relativePoint="topleft">
							<AbsPoint x="0" y="0" />
						</Anchor>
						<Anchor point="bottomright" relativePoint="bottomright">
							<AbsPoint x="0" y="0" />
						</Anchor>
					</Anchors>
					<TintColor r="0" g="0" b="0" />
				</FullResizeImage>
			
				<FullResizeImage name="$parentBordertronned" inherits="EA_FullResizeImage_TintableSolidBackground" alpha="0.5">
					<Anchors>
						<Anchor point="topleft" relativePoint="topleft">
							<AbsPoint x="-4" y="-4" />
						</Anchor>
						<Anchor point="bottomright" relativePoint="bottomright">
							<AbsPoint x="4" y="4" />
						</Anchor>
					</Anchors>
					<TintColor r="0" g="0" b="0" />
				</FullResizeImage>
				
				<FullResizeImage name="$parentBorderDark" inherits="EA_Button_ResizeIconFrameNormal">
					<Anchors>
						<Anchor point="topleft" relativePoint="topleft">
							<AbsPoint x="-4" y="-4" />
						</Anchor>
						<Anchor point="bottomright" relativePoint="bottomright">
							<AbsPoint x="4" y="4" />
						</Anchor>
					</Anchors>
				</FullResizeImage>
				
				<FullResizeImage name="$parentBorderGold" inherits="EA_Button_ResizeIconFramePressed">
					<Anchors>
						<Anchor point="topleft" relativePoint="topleft">
							<AbsPoint x="-4" y="-4" />
						</Anchor>
						<Anchor point="bottomright" relativePoint="bottomright">
							<AbsPoint x="4" y="4" />
						</Anchor>
					</Anchors>
				</FullResizeImage>
				
				<FullResizeImage name="$parentBorderSilver" inherits="EA_Button_ResizeIconFrameHighlight">
					<Anchors>
						<Anchor point="topleft" relativePoint="topleft">
							<AbsPoint x="-4" y="-4" />
						</Anchor>
						<Anchor point="bottomright" relativePoint="bottomright">
							<AbsPoint x="4" y="4" />
						</Anchor>
					</Anchors>
				</FullResizeImage>
				
				<FullResizeImage name="$parentBorderTan" inherits="EA_FullResizeImage_TanBorder">
					<Anchors>
						<Anchor point="topleft" relativePoint="topleft">
							<AbsPoint x="-4" y="-4" />
						</Anchor>
						<Anchor point="bottomright" relativePoint="bottomright">
							<AbsPoint x="4" y="4" />
						</Anchor>
					</Anchors>
				</FullResizeImage>
				
				<FullResizeImage name="$parentBorderDecorative" inherits="EA_FullResizeImage_DefaultFrame">
					<Anchors>
						<Anchor point="topleft" relativePoint="topleft">
							<AbsPoint x="-6" y="-4" />
						</Anchor>
						<Anchor point="bottomright" relativePoint="bottomright">
							<AbsPoint x="6" y="6" />
						</Anchor>
					</Anchors>
				</FullResizeImage>
				
				<DynamicImage name="$parentRvRFlagIndicator" texture="EA_HUD_01" slice="RvR-Flag" popable="false" handleinput="false" layer="overlay">
					<Size>
						<AbsPoint x="41" y="53" />
					</Size>
					<Anchors>
						<Anchor point="topright" relativePoint="topright" relativeTo="$parent" >
							<AbsPoint x="17" y="-16" />
						</Anchor>
					</Anchors>
					<TexCoords x="113" y="90" />
				</DynamicImage>
				
				<FullResizeImage name="MothHealthBar" inherits="EA_FullResizeImage_TintableSolidBackground" layer="overlay">
					<Size>
						<AbsPoint x="10" y="10" />
					</Size>
					<Anchors>
						<Anchor point="bottomleft" relativePoint="topleft" relativeTo="$parent">
							<AbsPoint x="0" y="5" />
						</Anchor>
					</Anchors>
				</FullResizeImage>
			
			</Windows>
			
		</Window>
		
		<Window name="MothRowTemplate" layer="default">
		
			<Windows>
				
				<FullResizeImage name="$parentBackground" inherits="EA_FullResizeImage_TintableSolidBackground" alpha="0">
					<Anchors>
						<Anchor point="topleft" relativePoint="topleft" />
						<Anchor point="bottomright" relativePoint="bottomright" />
					</Anchors>
				<TintColor r="237" g="28" b="36" />
				</FullResizeImage>
				
				<!--
				<Label name="$parentText" sticky="false" font="font_clear_small" maxchars="1024" text="" textalign="rightcenter">
					<Size>
						<AbsPoint x="0" y="0" />
					</Size>
					<Anchors>
						<Anchor point="right" relativePoint="right" relativeTo="$parent">
							<AbsPoint x="0" y="0" />
						</Anchor>
					</Anchors>
					<Color r="255" g="242" b="0" a="255" />
				</Label>
				-->
				
			</Windows>
		</Window>
	
		<Window name="MothCellTemplate" layer="default">
		
			<Windows>	
				
				<FullResizeImage name="$parentBackground" inherits="EA_FullResizeImage_TintableSolidBackground" alpha="0">
					<Anchors>
						<Anchor point="topleft" relativePoint="topleft" />
						<Anchor point="bottomright" relativePoint="bottomright" />
					</Anchors>
					<TintColor r="0" g="84" b="166" />
				</FullResizeImage>
				
				<DynamicImage name="$parentRankBackground" inherits="TargetLevelBackgroundTemplate" handleinput="false" popable="false" layer="default">
					<Anchors>
						<Anchor point="center" relativePoint="center" relativeTo="$parentText">
							<AbsPoint x="2" y="2" />
						</Anchor>
					</Anchors>
				</DynamicImage>
				
				<Label name="$parentText" sticky="false" font="font_chat_text" maxchars="1024" text="" textalign="left" autoresize="true" autoresizewidth="true">
					<Size>
						<AbsPoint x="315" y="315" />
					</Size>
					<Anchors>
						<Anchor point="left" relativePoint="left" relativeTo="$parent">
							<AbsPoint x="0" y="0" />
						</Anchor>
					</Anchors>
					<Color r="0" g="0" b="255" a="255" />
				</Label>
				
				<DynamicImage name="$parentMapPinIconSlice" texture="map_markers01" textureScale="0.75" layer="overlay" >
					<Size>
						<AbsPoint x="24" y="24" />
					</Size>
					<Anchors>
						<Anchor point="left" relativePoint="left" relativeTo="$parent" >
							<AbsPoint x="0" y="-1" />
						</Anchor>
					</Anchors>
				</DynamicImage>
				
				<DynamicImage name="$parentNPCIcon" layer="overlay" >
					<Size>
						<AbsPoint x="32" y="32" />
					</Size>
					<Anchors>
						<Anchor point="left" relativePoint="left" relativeTo="$parent" >
							<AbsPoint x="-2" y="-1" />
						</Anchor>
					</Anchors>
				</DynamicImage>
				
				<DynamicImage name="$parentDiffMaskIcon" texture="EA_HUD_01" slice="LordHeroSpecial-Skull"  handleinput="false" layer="overlay">
					<Size>
						<AbsPoint x="22" y="29" />
					</Size>
					<Anchors>
						<Anchor point="left" relativePoint="left" relativeTo="$parent" >
							<AbsPoint x="0" y="0"/>
						</Anchor>
					</Anchors>
				</DynamicImage>
				
				
				<DynamicImage name="$parentCareerIcon" handleinput="false" textureScale="1.0" layer="overlay" >
					<Size>
						<AbsPoint x="32" y="32" />
					</Size>
					<Anchors>
						<Anchor point="left" relativePoint="left" relativeTo="$parent" >
							<AbsPoint x="0" y="0"/>
						</Anchor>
					</Anchors>
				</DynamicImage>
				
			</Windows>
		</Window>	
    </Windows>
</Interface>