<Interface xmlns:xsi="http://www.w3.org/2001/XMLSchema-instance" xsi:noNamespaceSchemaLocation="../../Interface.xsd">
	<Scripts>
		<Script file="StatdollWndLight.lua" />
	</Scripts>
	<Windows>
		<!-- TEMPLATES: BEGIN -->
		<Window name="StatdollWndStatLightRowTemplate">
			<Size>
				<AbsPoint x="230" y="21" />
			</Size>
			<Windows>
				<Label name="$parentIcon" font="font_default_text_huge" autoresize="false" textalign="left" layer="popup" popable="false" handleinput="false" warnOnTextCropped="false">
					<Size>
						<AbsPoint x="30" y="30" />
					</Size>
					<Anchors>
						<Anchor point="topleft" relativePoint="topleft" relativeTo="$parent">
							<AbsPoint x="0" y="0" />
						</Anchor>
					</Anchors>
				</Label>
				<Label name="$parentLabel" font="font_clear_medium" autoresize="false" textalign="left" layer="popup" popable="false" handleinput="false" warnOnTextCropped="false">
					<Size>
						<AbsPoint x="120" y="35" />
					</Size>
					<Anchors>
						<Anchor point="topleft" relativePoint="topleft" relativeTo="$parentIcon">
							<AbsPoint x="20" y="-1" />
						</Anchor>
					</Anchors>
					<Color r="255" g="255" b="128" />
				</Label>
				<Label name="$parentValue" font="font_clear_medium_bold" autoresize="false" textalign="right" layer="popup" popable="false" handleinput="false" warnOnTextCropped="false">
					<Size>
						<AbsPoint x="60" y="35" />
					</Size>
					<Anchors>
						<Anchor point="left" relativePoint="right" relativeTo="$parentPowerIcon">
							<AbsPoint x="-15" y="0" />
						</Anchor>
					</Anchors>
					<Color r="255" g="255" b="128" />
				</Label>
				<Label name="$parentPowerIcon" font="font_default_text_huge" autoresize="false" textalign="right" layer="popup" popable="false" handleinput="false" warnOnTextCropped="false">
					<Size>
						<AbsPoint x="30" y="35" />
					</Size>
					<Anchors>
						<Anchor point="left" relativePoint="right" relativeTo="$parentPowerValue">
							<AbsPoint x="10" y="0" />
						</Anchor>
					</Anchors>
				</Label>
				<Label name="$parentPowerValue" font="font_clear_medium_bold" autoresize="false" textalign="left" layer="popup" popable="false" handleinput="false" warnOnTextCropped="false">
					<Size>
						<AbsPoint x="80" y="35" />
					</Size>
					<Anchors>
						<Anchor point="topright" relativePoint="topright" relativeTo="$parent">
							<AbsPoint x="0" y="-1" />
						</Anchor>
					</Anchors>
					<Color r="255" g="255" b="128" />
				</Label>
			</Windows>
		</Window>

		<Window name="StatdollWndLightSeparatorTemplate">
			<Size>
				<AbsPoint x="230" y="12" />
			</Size>
			<Windows>
				<FullResizeImage name="$parent01" inherits="EA_FullResizeImage_TintableSolidBackground" layer="popup" autoresize="true">
					<Size>
						<AbsPoint x="214" y="2" />
					</Size>
					<Anchors>
						<Anchor point="left" relativePoint="left" relativeTo="$parent">
							<AbsPoint x="8" y="-2" />
						</Anchor>
					</Anchors>
					<TintColor r="130" g="130" b="130" a="200" />
				</FullResizeImage>
			</Windows>
		</Window>
		
		<Window name="StatdollWndLightAddValuesTemplate">
			<Size>
				<AbsPoint x="230" y="21" />
			</Size>
			<Windows>
				<Window name="$parentSeparator" inherits="StatdollWndLightSeparatorTemplate">
					<Anchors>
						<Anchor point="top" relativePoint="top" relativeTo="$parent" />
					</Anchors>
				</Window>
			</Windows>
		</Window>
		<!-- TEMPLATES: END -->


		<Window name="StatdollWndLight" handleinput="true" popable="false" movable="true" savesettings="false">
			<EventHandlers>
				<EventHandler event="OnRButtonUp" function="Statdoll.onRButtonUp" />
				<EventHandler event="OnMButtonUp" function="Statdoll.onMButtonUp" />
			</EventHandlers>
			<Size>
				<AbsPoint x="260" y="390" />
			</Size>
			<Windows>
				<!-- Main Window Background: BEGIN -->
				<Window name="$parentBackground" inherits="EA_Window_DefaultTooltipBackground" sticky="false" alpha="1">
					<Anchors>
						<Anchor point="topleft" relativePoint="topleft" relativeTo="$parent">
							<AbsPoint x="0" y="10" />
						</Anchor>
						<Anchor point="bottomright" relativePoint="bottomright" relativeTo="$parent">
							<AbsPoint x="-10" y="0" />
						</Anchor>
					</Anchors>
				</Window>
				<!-- Main Window Background: END -->
				<!-- Topright Close Button: BEGIN -->
				<Button name="$parentCloseButton" inherits="EA_Button_DefaultWindowClose" layer="primary">
					<EventHandlers>
						<EventHandler event="OnLButtonUp" function="Statdoll.hide" />
					</EventHandlers>
					<Anchors>
						<Anchor point="topright" relativePoint="center" relativeTo="$parentBackground">
							<AbsPoint x="-2" y="2" />
						</Anchor>
					</Anchors>
				</Button>
				<!-- Topright Close Button: END -->
				<!-- STATS: BEGIN -->
				<Window name="Strength" inherits="StatdollWndStatLightRowTemplate">
					<Anchors>
						<Anchor point="topleft" relativePoint="topleft" relativeTo="$parentBackground">
							<AbsPoint x="10" y="13" />
						</Anchor>
					</Anchors>
				</Window>
				<Window name="Ballistic" inherits="StatdollWndStatLightRowTemplate">
					<Anchors>
						<Anchor point="bottom" relativePoint="top" relativeTo="Strength" />
					</Anchors>
				</Window>
				<Window name="Intelligence" inherits="StatdollWndStatLightRowTemplate">
					<Anchors>
						<Anchor point="bottom" relativePoint="top" relativeTo="Ballistic" />
					</Anchors>
				</Window>
				<Window name="Willpower" inherits="StatdollWndStatLightRowTemplate">
					<Anchors>
						<Anchor point="bottom" relativePoint="top" relativeTo="Intelligence" />
					</Anchors>
				</Window>
				<Window name="Weaponskill" inherits="StatdollWndStatLightRowTemplate">
					<Anchors>
						<Anchor point="bottom" relativePoint="top" relativeTo="Willpower" />
					</Anchors>
				</Window>
				<Window name="Initiative" inherits="StatdollWndStatLightRowTemplate">
					<Anchors>
						<Anchor point="bottom" relativePoint="top" relativeTo="Weaponskill" />
					</Anchors>
				</Window>
				<Window name="Toughness" inherits="StatdollWndStatLightRowTemplate">
					<Anchors>
						<Anchor point="bottom" relativePoint="top" relativeTo="Initiative" />
					</Anchors>
				</Window>
				<Window name="Wounds" inherits="StatdollWndStatLightRowTemplate">
					<Anchors>
						<Anchor point="bottom" relativePoint="top" relativeTo="Toughness" />
					</Anchors>
				</Window>
				<Window name="SeparatorBaseStats" inherits="StatdollWndLightSeparatorTemplate">
					<Anchors>
						<Anchor point="bottom" relativePoint="top" relativeTo="Wounds" />
					</Anchors>
				</Window>
				<Window name="Armor" inherits="StatdollWndStatLightRowTemplate">
					<Anchors>
						<Anchor point="bottom" relativePoint="top" relativeTo="SeparatorBaseStats" />
					</Anchors>
				</Window>
				<Window name="SpiritResist" inherits="StatdollWndStatLightRowTemplate">
					<Anchors>
						<Anchor point="bottom" relativePoint="top" relativeTo="Armor" />
					</Anchors>
				</Window>
				<Window name="ElementalResist" inherits="StatdollWndStatLightRowTemplate">
					<Anchors>
						<Anchor point="bottom" relativePoint="top" relativeTo="SpiritResist" />
					</Anchors>
				</Window>
				<Window name="CorpResist" inherits="StatdollWndStatLightRowTemplate">
					<Anchors>
						<Anchor point="bottom" relativePoint="top" relativeTo="ElementalResist" />
					</Anchors>
				</Window>
				<Window name="SeparatorDefStats" inherits="StatdollWndLightSeparatorTemplate">
					<Anchors>
						<Anchor point="bottom" relativePoint="top" relativeTo="CorpResist" />
					</Anchors>
				</Window>
				<Window name="Block" inherits="StatdollWndStatLightRowTemplate">
					<Anchors>
						<Anchor point="bottom" relativePoint="top" relativeTo="SeparatorDefStats" />
					</Anchors>
				</Window>
				<Window name="Parry" inherits="StatdollWndStatLightRowTemplate">
					<Anchors>
						<Anchor point="bottom" relativePoint="top" relativeTo="Block" />
					</Anchors>
				</Window>
				<Window name="Dodge" inherits="StatdollWndStatLightRowTemplate">
					<Anchors>
						<Anchor point="bottom" relativePoint="top" relativeTo="Parry" />
					</Anchors>
				</Window>
				<Window name="Disrupt" inherits="StatdollWndStatLightRowTemplate">
					<Anchors>
						<Anchor point="bottom" relativePoint="top" relativeTo="Dodge" />
					</Anchors>
				</Window>
				<!-- STATS: END -->
			</Windows>
		</Window>
	</Windows>
</Interface>