<Interface xmlns:xsi="http://www.w3.org/2001/XMLSchema-instance" xsi:noNamespaceSchemaLocation="../../Interface.xsd">
	<Scripts>
		<Script file="StatdollOptions.lua" />
	</Scripts>
	<Windows>
		<!-- TEMPLATES: BEGIN -->

		<!-- Default row template -->
		<Window name="StatdollOptionsRowTemplate" layer="popup" handleinput="true">
			<Size>
				<AbsPoint x="330" y="35" />
			</Size>
			<Anchors>
				<Anchor point="bottomleft" relativePoint="topleft" relativeTo="$parentTitle">
					<AbsPoint x="30" y="30" />
				</Anchor>
			</Anchors>
		</Window>

		<!-- Checkbox template -->
		<Window name="StatdollOptionsCheckboxTemplate" inherits="StatdollOptionsRowTemplate" layer="popup" handleinput="true">
			<EventHandlers>
				<EventHandler event="OnInitialize" function="EA_LabelCheckButton.Initialize" />
				<EventHandler event="OnLButtonUp" function="EA_LabelCheckButton.Toggle" />
			</EventHandlers>
			<Windows>
				<Button name="$parentButton" inherits="EA_Button_DefaultCheckBox" handleinput="false">
					<Anchors>
						<Anchor point="topleft" relativePoint="topleft">
							<AbsPoint x="0" y="0" />
						</Anchor>
					</Anchors>
				</Button>
				<Label name="$parentLabel" inherits="EA_Label_DefaultText" textalign="left">
					<Anchors>
						<Anchor point="right" relativePoint="left" relativeTo="$parentButton">
							<AbsPoint x="10" y="6" />
						</Anchor>
					</Anchors>
				</Label>
			</Windows>
		</Window>

		<!-- Combobox template -->
		<Window name="StatdollOptionsComboboxTemplate" inherits="StatdollOptionsRowTemplate" layer="popup" handleinput="true">
			<Windows>
				<ComboBox name="$parentCombobox" inherits="EA_ComboBox_DefaultResizableMedium">
					<Anchors>
						<Anchor point="right" relativePoint="right" relativeTo="$parent">
							<AbsPoint x="0" y="0" />
						</Anchor>
					</Anchors>
				</ComboBox>
				<Label name="$parentLabel" inherits="EA_Label_DefaultText" textalign="left">
					<Anchors>
						<Anchor point="left" relativePoint="left" relativeTo="$parent">
							<AbsPoint x="0" y="3" />
						</Anchor>
					</Anchors>
				</Label>
			</Windows>
		</Window>
		<!-- TEMPLATES: END -->
		<!-- OPTIONS WINDOW: BEGIN -->
		<Window name="StatdollOptions" movable="true" layer="primary" handleinput="true">
			<Size>
				<AbsPoint x="400" y="535" />
			</Size>
			<Anchors>
				<Anchor point="center" relativePoint="center" />
			</Anchors>
			<EventHandlers>
				<EventHandler event="OnHidden" function="Statdoll.Options.onCancel" />
			</EventHandlers>
			<Windows>
				<!-- Main Window Background: BEGIN -->
				<Window name="$parentBackground" inherits="EA_Window_DefaultTooltipBackground" sticky="false" alpha="1" layer="background">
					<Anchors>
						<Anchor point="topleft" relativePoint="topleft" relativeTo="$parent">
							<AbsPoint x="0" y="0" />
						</Anchor>
						<Anchor point="bottomright" relativePoint="bottomright" relativeTo="$parent">
							<AbsPoint x="0" y="-5" />
						</Anchor>
					</Anchors>
				</Window>
				<!-- Main Window Background: END -->
				<!-- Topright Close Button: BEGIN -->
				<Button name="$parentClose" inherits="EA_Button_DefaultWindowClose" layer="primary">
					<EventHandlers>
						<EventHandler event="OnLButtonUp" function="Statdoll.Options.onCancel" />
					</EventHandlers>
					<Anchors>
						<Anchor point="topright" relativePoint="topright" relativeTo="$parent">
							<AbsPoint x="-5" y="5" />
						</Anchor>
					</Anchors>
				</Button>
				<!-- Topright Close Button: END -->
				<!-- Title: BEGIN -->
				<Label name="$parentTitle" inherits="EA_Label_DefaultText" font="font_clear_large_bold" autoresize="false" textalign="center" layer="popup" popable="false" handleinput="false" warnOnTextCropped="false">
					<Anchors>
						<Anchor point="topleft" relativePoint="topleft" relativeTo="$parent">
							<AbsPoint x="0" y="9" />
						</Anchor>
						<Anchor point="topright" relativePoint="topright" relativeTo="$parent">
							<AbsPoint x="0" y="9" />
						</Anchor>
					</Anchors>
				</Label>
				<!-- Title: END -->
				<!-- Bottom Buttongroup: BEGIN -->
				<Window name="$parentButtonGroup" handleinput="true" layer="primary">
					<Size>
						<AbsPoint y="50" />
					</Size>
					<Anchors>
						<Anchor point="bottomleft" relativePoint="bottomleft" relativeTo="$parent">
							<AbsPoint x="15" y="-15" />
						</Anchor>
						<Anchor point="bottomright" relativePoint="bottomright" relativeTo="$parent">
							<AbsPoint x="-15" y="-15" />
						</Anchor>
					</Anchors>
					<Windows>
						<Label name="$parentVersion" inherits="EA_Label_DefaultText" autoresize="false" textalign="left" layer="popup" popable="false" handleinput="false" warnOnTextCropped="false">
							<Anchors>
								<Anchor point="left" relativePoint="left" relativeTo="$parent">
									<AbsPoint x="0" y="9" />
								</Anchor>
							</Anchors>
						</Label>
						<Button name="$parentCancel" inherits="EA_Button_DefaultResizeable" font="font_clear_default" layer="popup">
							<EventHandlers>
								<EventHandler event="OnLButtonUp" function="Statdoll.Options.onCancel" />
							</EventHandlers>
							<Anchors>
								<Anchor point="right" relativePoint="right" relativeTo="$parent">
									<AbsPoint x="0" y="0" />
								</Anchor>
							</Anchors>
						</Button>
						<Button name="$parentApply" inherits="EA_Button_DefaultResizeable" font="font_clear_default" layer="overlay" handleinput="true">
							<EventHandlers>
								<EventHandler event="OnLButtonUp" function="Statdoll.Options.onApply" />
							</EventHandlers>
							<Anchors>
								<Anchor point="left" relativePoint="right" relativeTo="$parentCancel">
									<AbsPoint x="-5" y="0" />
								</Anchor>
							</Anchors>
						</Button>
					</Windows>
				</Window>
				<!-- Bottom Buttongroup: END -->
				<!-- OPTIONS: BEGIN -->
				<!-- Option: Enable -->
				<Window name="$parentEnable" inherits="StatdollOptionsCheckboxTemplate">
				</Window>
				<!-- Option: GUI -->
				<Window name="$parentGUI" inherits="StatdollOptionsComboboxTemplate">
					<Anchors>
						<Anchor point="bottomleft" relativePoint="topleft" relativeTo="$parentEnable" />
					</Anchors>
				</Window>
				<!-- Option: Mode -->
				<Window name="$parentMode" inherits="StatdollOptionsComboboxTemplate">
					<Anchors>
						<Anchor point="bottomleft" relativePoint="topleft" relativeTo="$parentGUI" />
					</Anchors>
				</Window>
				<!-- Option: Lock -->
				<Window name="$parentLock" inherits="StatdollOptionsCheckboxTemplate">
					<Anchors>
						<Anchor point="bottomleft" relativePoint="topleft" relativeTo="$parentMode">
							<AbsPoint x="0" y="20" />
						</Anchor>
					</Anchors>
				</Window>
				<Window name="$parentCloseButton" inherits="StatdollOptionsCheckboxTemplate">
					<Anchors>
						<Anchor point="bottomleft" relativePoint="topleft" relativeTo="$parentLock" />
					</Anchors>
				</Window>
				<!-- Option: Show Background -->
				<Window name="$parentShowBackground" inherits="StatdollOptionsCheckboxTemplate">
					<Anchors>
						<Anchor point="bottomleft" relativePoint="topleft" relativeTo="$parentCloseButton" />
					</Anchors>
				</Window>
				<!-- Option: Background Alpha -->
				<Window name="$parentBackgroundAlpha" inherits="StatdollOptionsRowTemplate">
					<Size>
						<AbsPoint x="330" y="58" />
					</Size>
					<Anchors>
						<Anchor point="bottomleft" relativePoint="topleft" relativeTo="$parentShowBackground">
							<AbsPoint x="0" y="20" />
						</Anchor>
					</Anchors>
					<Windows>
						<Label name="$parentLabel" inherits="EA_Label_DefaultText" textalign="left">
							<Size>
								<AbsPoint x="250" y="25" />
							</Size>
							<Anchors>
								<Anchor point="topleft" relativePoint="topleft" relativeTo="$parent">
									<AbsPoint x="0" y="0" />
								</Anchor>
							</Anchors>
						</Label>
						<Label name="$parentValue" inherits="EA_Label_DefaultText" textalign="right">
							<Size>
								<AbsPoint x="250" y="25" />
							</Size>
							<Anchors>
								<Anchor point="topright" relativePoint="topright" relativeTo="$parent">
									<AbsPoint x="0" y="0" />
								</Anchor>
							</Anchors>
						</Label>
						<SliderBar name="$parentSlider" inherits="EA_Default_SliderBar" numTicks="11" handleinput="true">
							<Size>
								<AbsPoint x="330" y="33" />
							</Size>
							<Anchors>
								<Anchor point="bottomleft" relativePoint="topleft" relativeTo="$parentLabel">
									<AbsPoint x="0" y="1" />
								</Anchor>
							</Anchors>
							<EventHandlers>
								<EventHandler event="OnSlide" function="Statdoll.Options.onAlphaSlide" />
							</EventHandlers>
						</SliderBar>
					</Windows>
				</Window>
				<!-- Option: Scale Factor -->
				<Window name="$parentScaleFactor" inherits="StatdollOptionsRowTemplate">
					<Size>
						<AbsPoint x="330" y="58" />
					</Size>
					<Anchors>
						<Anchor point="bottomleft" relativePoint="topleft" relativeTo="$parentBackgroundAlpha">
							<AbsPoint x="0" y="20" />
						</Anchor>
					</Anchors>
					<Windows>
						<Label name="$parentLabel" inherits="EA_Label_DefaultText" textalign="left">
							<Size>
								<AbsPoint x="250" y="25" />
							</Size>
							<Anchors>
								<Anchor point="topleft" relativePoint="topleft" relativeTo="$parent">
									<AbsPoint x="0" y="0" />
								</Anchor>
							</Anchors>
						</Label>
						<Label name="$parentValue" inherits="EA_Label_DefaultText" textalign="right">
							<Size>
								<AbsPoint x="250" y="25" />
							</Size>
							<Anchors>
								<Anchor point="topright" relativePoint="topright" relativeTo="$parent">
									<AbsPoint x="0" y="0" />
								</Anchor>
							</Anchors>
						</Label>
						<SliderBar name="$parentSlider" inherits="EA_Default_SliderBar" numTicks="11" handleinput="true">
							<Size>
								<AbsPoint x="330" y="33" />
							</Size>
							<Anchors>
								<Anchor point="bottomleft" relativePoint="topleft" relativeTo="$parentLabel">
									<AbsPoint x="0" y="1" />
								</Anchor>
							</Anchors>
							<EventHandlers>
								<EventHandler event="OnSlide" function="Statdoll.Options.onScaleSlide" />
							</EventHandlers>
						</SliderBar>
					</Windows>
				</Window>
				<!-- OPTIONS: END -->
			</Windows>
		</Window>
		<!-- OPTIONS WINDOW: END -->
	</Windows>
</Interface>