<Interface xmlns:xsi="http://www.w3.org/2001/XMLSchema-instance" xsi:noNamespaceSchemaLocation="../../Interface.xsd">
	<Scripts>
		<Script file="StatdollWnd.lua" />
	</Scripts>
	<Windows>
		<!-- TEMPLATES: BEGIN -->
		<Window name="StatdollWndStatRowTemplate">
			<Size>
				<AbsPoint x="300" y="21" />
			</Size>
			<Windows>
				<Label name="$parentIcon" font="font_default_text_huge" autoresize="false" textalign="left" layer="popup" popable="false" handleinput="false" warnOnTextCropped="false">
					<Size>
						<AbsPoint x="30" y="30" />
					</Size>
				</Label>
				<Label name="$parentLabel" font="font_clear_medium" autoresize="false" textalign="left" layer="popup" popable="false" handleinput="false" warnOnTextCropped="false">
					<Size>
						<AbsPoint x="120" y="35" />
					</Size>
					<Anchors>
						<Anchor point="topleft" relativePoint="topleft" relativeTo="$parentIcon">
							<AbsPoint x="20" y="-1" />
						</Anchor>
					</Anchors>
					<Color r="255" g="255" b="128" />
				</Label>
				<Label name="$parentValue" font="font_clear_medium_bold" autoresize="false" textalign="right" layer="popup" popable="false" handleinput="false" warnOnTextCropped="false">
					<Size>
						<AbsPoint x="60" y="35" />
					</Size>
					<Anchors>
						<Anchor point="left" relativePoint="right" relativeTo="$parentPowerIcon">
							<AbsPoint x="-15" y="0" />
						</Anchor>
					</Anchors>
					<Color r="255" g="255" b="128" />
				</Label>
				<Label name="$parentPowerIcon" font="font_default_text_huge" autoresize="false" textalign="right" layer="popup" popable="false" handleinput="false" warnOnTextCropped="false">
					<Size>
						<AbsPoint x="30" y="35" />
					</Size>
					<Anchors>
						<Anchor point="left" relativePoint="right" relativeTo="$parentPowerValue">
							<AbsPoint x="10" y="0" />
						</Anchor>
					</Anchors>
				</Label>
				<Label name="$parentPowerValue" font="font_clear_medium_bold" autoresize="false" textalign="left" layer="popup" popable="false" handleinput="false" warnOnTextCropped="false">
					<Size>
						<AbsPoint x="80" y="35" />
					</Size>
					<Anchors>
						<Anchor point="topright" relativePoint="topright" relativeTo="$parent">
							<AbsPoint x="0" y="-1" />
						</Anchor>
					</Anchors>
					<Color r="255" g="255" b="128" />
				</Label>
			</Windows>
		</Window>

		<Window name="StatdollWndSeparatorTemplate">
			<Size>
				<AbsPoint x="300" y="12" />
			</Size>
			<Windows>
				<FullResizeImage name="$parent01" inherits="EA_FullResizeImage_TintableSolidBackground" layer="popup">
					<Size>
						<AbsPoint x="169" y="2" />
					</Size>
					<Anchors>
						<Anchor point="left" relativePoint="left" relativeTo="$parent">
							<AbsPoint x="8" y="-2" />
						</Anchor>
					</Anchors>
					<TintColor r="130" g="130" b="130" a="200" />
				</FullResizeImage>
				<FullResizeImage name="$parent02" inherits="EA_FullResizeImage_TintableSolidBackground" layer="popup">
					<Size>
						<AbsPoint x="74" y="2" />
					</Size>
					<Anchors>
						<Anchor point="right" relativePoint="right" relativeTo="$parent">
							<AbsPoint x="-18" y="-2" />
						</Anchor>
					</Anchors>
					<TintColor r="130" g="130" b="130" a="200" />
				</FullResizeImage>
			</Windows>
		</Window>

		<Window name="StatdollWndAddValuesTemplate">
			<Size>
				<AbsPoint x="300" y="21" />
			</Size>
			<Anchors>
				<Anchor point="bottom" relativePoint="top" relativeTo="Disrupt" />
			</Anchors>
			<Windows>
				<Window name="$parentSeparator" inherits="StatdollWndSeparatorTemplate">
					<Anchors>
						<Anchor point="top" relativePoint="top" relativeTo="$parent" />
					</Anchors>
				</Window>
			</Windows>
		</Window>
		
		<Window name="StatdollWndAddValueRowTemplate">
			<Size>
				<AbsPoint x="300" y="21" />
			</Size>
			<Windows>
				<Label name="$parentIcon" font="font_default_text_huge" autoresize="false" textalign="left" layer="popup" popable="false" handleinput="false" warnOnTextCropped="false">
					<Size>
						<AbsPoint x="30" y="30" />
					</Size>
					<Anchors>
						<Anchor point="topleft" relativePoint="topleft" relativeTo="$parent">
							<AbsPoint x="0" y="0" />
						</Anchor>
					</Anchors>
				</Label>
				<Label name="$parentLabel" font="font_clear_medium" autoresize="false" textalign="left" layer="popup" popable="false" handleinput="false" warnOnTextCropped="false">
					<Size>
						<AbsPoint x="120" y="35" />
					</Size>
					<Anchors>
						<Anchor point="topleft" relativePoint="topleft" relativeTo="$parentIcon">
							<AbsPoint x="20" y="-1" />
						</Anchor>
					</Anchors>
					<Color r="255" g="255" b="128" />
				</Label>
				<Label name="$parentValue" font="font_clear_medium_bold" autoresize="false" textalign="right" layer="overlay" popable="false" handleinput="false" warnOnTextCropped="false">
					<Size>
						<AbsPoint x="60" y="35" />
					</Size>
					<Anchors>
						<Anchor point="left" relativePoint="right" relativeTo="$parentPowerIcon">
							<AbsPoint x="-15" y="0" />
						</Anchor>
					</Anchors>
					<Color r="255" g="255" b="128" />
				</Label>
				<Label name="$parentPowerIcon" font="font_default_text_huge" autoresize="false" textalign="right" layer="popup" popable="false" handleinput="false" warnOnTextCropped="false">
					<Size>
						<AbsPoint x="30" y="35" />
					</Size>
					<Anchors>
						<Anchor point="left" relativePoint="right" relativeTo="$parentPowerValue">
							<AbsPoint x="10" y="0" />
						</Anchor>
					</Anchors>
				</Label>
				<Label name="$parentPowerValue" font="font_clear_medium_bold" autoresize="false" textalign="left" layer="popup" popable="false" handleinput="false" warnOnTextCropped="false">
					<Size>
						<AbsPoint x="80" y="35" />
					</Size>
					<Anchors>
						<Anchor point="topright" relativePoint="topright" relativeTo="$parent">
							<AbsPoint x="0" y="-1" />
						</Anchor>
					</Anchors>
					<Color r="255" g="255" b="128" />
				</Label>
			</Windows>
		</Window>
		<!-- TEMPLATES: END -->

		<!-- Main Window: BEGIN -->
		<Window name="StatdollWnd" handleinput="true" popable="false" movable="true">
			
			<EventHandlers>
				<EventHandler event="OnRButtonUp" function="Statdoll.onRButtonUp" />
				<EventHandler event="OnMButtonUp" function="Statdoll.onMButtonUp" />
			</EventHandlers>
			<Size>
				<AbsPoint x="340" y="420" />
			</Size>
			<Windows>
				<!-- Main Window Background: BEGIN -->
				<Window name="$parentBackground" inherits="EA_Window_DefaultTooltipBackground" sticky="false" alpha="1">
					<Anchors>
						<Anchor point="topleft" relativePoint="topleft" relativeTo="$parent">
							<AbsPoint x="0" y="10" />
						</Anchor>
						<Anchor point="bottomright" relativePoint="bottomright" relativeTo="$parent">
							<AbsPoint x="-10" y="-5" />
						</Anchor>
					</Anchors>
				</Window>
				<!-- Main Window Background: END -->
				<!-- Topright Close Button: BEGIN -->
				<Button name="$parentCloseButton" inherits="EA_Button_DefaultWindowClose" layer="primary">
					<EventHandlers>
						<EventHandler event="OnLButtonUp" function="Statdoll.hide" />
					</EventHandlers>
					<Anchors>
						<Anchor point="topright" relativePoint="center" relativeTo="$parentBackground">
							<AbsPoint x="-2" y="2" />
						</Anchor>
					</Anchors>
				</Button>
				<!-- Topright Close Button: END -->
				<!-- STATS: BEGIN -->
				<Window name="Strength" inherits="StatdollWndStatRowTemplate">
					<Anchors>
						<Anchor point="topleft" relativePoint="topleft" relativeTo="$parentBackground">
							<AbsPoint x="15" y="15" />
						</Anchor>
					</Anchors>
				</Window>
				<Window name="Ballistic" inherits="StatdollWndStatRowTemplate">
					<Anchors>
						<Anchor point="bottom" relativePoint="top" relativeTo="Strength" />
					</Anchors>
				</Window>
				<Window name="Intelligence" inherits="StatdollWndStatRowTemplate">
					<Anchors>
						<Anchor point="bottom" relativePoint="top" relativeTo="Ballistic" />
					</Anchors>
				</Window>
				<Window name="Willpower" inherits="StatdollWndStatRowTemplate">
					<Anchors>
						<Anchor point="bottom" relativePoint="top" relativeTo="Intelligence" />
					</Anchors>
				</Window>
				<Window name="Weaponskill" inherits="StatdollWndStatRowTemplate">
					<Anchors>
						<Anchor point="bottom" relativePoint="top" relativeTo="Willpower" />
					</Anchors>
				</Window>
				<Window name="Initiative" inherits="StatdollWndStatRowTemplate">
					<Anchors>
						<Anchor point="bottom" relativePoint="top" relativeTo="Weaponskill" />
					</Anchors>
				</Window>
				<Window name="Toughness" inherits="StatdollWndStatRowTemplate">
					<Anchors>
						<Anchor point="bottom" relativePoint="top" relativeTo="Initiative" />
					</Anchors>
				</Window>
				<Window name="Wounds" inherits="StatdollWndStatRowTemplate">
					<Anchors>
						<Anchor point="bottom" relativePoint="top" relativeTo="Toughness" />
					</Anchors>
				</Window>
				<Window name="SeparatorBaseStats" inherits="StatdollWndSeparatorTemplate">
					<Anchors>
						<Anchor point="bottom" relativePoint="top" relativeTo="Wounds" />
					</Anchors>
				</Window>
				<Window name="Armor" inherits="StatdollWndStatRowTemplate">
					<Anchors>
						<Anchor point="bottom" relativePoint="top" relativeTo="SeparatorBaseStats" />
					</Anchors>
				</Window>
				<Window name="SpiritResist" inherits="StatdollWndStatRowTemplate">
					<Anchors>
						<Anchor point="bottom" relativePoint="top" relativeTo="Armor" />
					</Anchors>
				</Window>
				<Window name="ElementalResist" inherits="StatdollWndStatRowTemplate">
					<Anchors>
						<Anchor point="bottom" relativePoint="top" relativeTo="SpiritResist" />
					</Anchors>
				</Window>
				<Window name="CorpResist" inherits="StatdollWndStatRowTemplate">
					<Anchors>
						<Anchor point="bottom" relativePoint="top" relativeTo="ElementalResist" />
					</Anchors>
				</Window>
				<Window name="SeparatorDefStats" inherits="StatdollWndSeparatorTemplate">
					<Anchors>
						<Anchor point="bottom" relativePoint="top" relativeTo="CorpResist" />
					</Anchors>
				</Window>
				<Window name="Block" inherits="StatdollWndStatRowTemplate">
					<Anchors>
						<Anchor point="bottom" relativePoint="top" relativeTo="SeparatorDefStats" />
					</Anchors>
				</Window>
				<Window name="Parry" inherits="StatdollWndStatRowTemplate">
					<Anchors>
						<Anchor point="bottom" relativePoint="top" relativeTo="Block" />
					</Anchors>
				</Window>
				<Window name="Dodge" inherits="StatdollWndStatRowTemplate">
					<Anchors>
						<Anchor point="bottom" relativePoint="top" relativeTo="Parry" />
					</Anchors>
				</Window>
				<Window name="Disrupt" inherits="StatdollWndStatRowTemplate">
					<Anchors>
						<Anchor point="bottom" relativePoint="top" relativeTo="Dodge" />
					</Anchors>
				</Window>
				<!-- STATS: END -->
				<!-- BUTTONS EXTRA: BEGIN -->
				<Window name="Button" layer="overlay">
					<Size>
						<AbsPoint x="300" y="30" />
					</Size>
					<Anchors>
						<Anchor point="bottom" relativePoint="center" relativeTo="$parent">
							<AbsPoint x="0" y="-5" />
						</Anchor>
					</Anchors>
					<Windows>
						<Label name="$parentMagicIcon" font="font_default_text_huge" autoresize="false" textalign="center" layer="popup" popable="false" handleinput="false">
							<Size>
								<AbsPoint x="30" y="30" />
							</Size>
							<Anchors>
								<Anchor point="center" relativePoint="center" relativeTo="$parentMagicButton">
									<AbsPoint x="5" y="-13" />
								</Anchor>
							</Anchors>
							<Color r="255" g="255" b="128" />
						</Label>
						<Button name="$parentMagicButton" inherits="EA_Button_Default" backgroundtexture="EA_HUD_01" highlighttexture="EA_HUD_01" texturescale="0.75" layer="default">
							<Size>
								<AbsPoint x="30" y="30" />
							</Size>
							<Anchors>
								<Anchor point="left" relativePoint="center" relativeTo="$parent">
									<AbsPoint x="15" y="0" />
								</Anchor>
							</Anchors>
							<EventHandlers>
								<EventHandler event="OnLButtonUp" function="StatdollWnd.onLBMagicWnd" />
							</EventHandlers>
							<TexSlices>
								<Pressed id="Quest-Tracker-Open" />
								<Normal id="Quest-Tracker-Open" />
								<NormalHighlit id="Quest-Tracker-Open-ROLLOVER" />
							</TexSlices>
						</Button>
						<Label name="$parentRangeIcon" font="font_default_text_huge" autoresize="false" textalign="center" layer="popup" popable="false" handleinput="false">
							<Size>
								<AbsPoint x="30" y="30" />
							</Size>
							<Anchors>
								<Anchor point="center" relativePoint="center" relativeTo="$parentRangeButton">
									<AbsPoint x="5" y="-13" />
								</Anchor>
							</Anchors>
							<Color r="255" g="255" b="128" />
						</Label>
						<Button name="$parentRangeButton" inherits="EA_Button_Default" id="1" backgroundtexture="EA_HUD_01" highlighttexture="EA_HUD_01" texturescale="0.75" layer="default">
							<Size>
								<AbsPoint x="30" y="30" />
							</Size>
							<Anchors>
								<Anchor point="center" relativePoint="center" relativeTo="$parent">
									<AbsPoint x="0" y="0" />
								</Anchor>
							</Anchors>
							<EventHandlers>
								<EventHandler event="OnLButtonUp" function="StatdollWnd.onLBRangeWnd" />
							</EventHandlers>
							<TexSlices>
								<Pressed id="Quest-Tracker-Open" />
								<Normal id="Quest-Tracker-Open" />
								<NormalHighlit id="Quest-Tracker-Open-ROLLOVER" />
							</TexSlices>
						</Button>
						<Label name="$parentMeleeIcon" font="font_default_text_huge" autoresize="false" textalign="center" layer="popup" popable="false" handleinput="false">
							<Size>
								<AbsPoint x="30" y="30" />
							</Size>
							<Anchors>
								<Anchor point="center" relativePoint="center" relativeTo="$parentMeleeButton">
									<AbsPoint x="5" y="-13" />
								</Anchor>
							</Anchors>
							<Color r="255" g="255" b="128" />
						</Label>
						<Button name="$parentMeleeButton" inherits="EA_Button_Default" id="1" backgroundtexture="EA_HUD_01" highlighttexture="EA_HUD_01" texturescale="0.75" layer="default">
							<Size>
								<AbsPoint x="30" y="30" />
							</Size>
							<Anchors>
								<Anchor point="right" relativePoint="center" relativeTo="$parent">
									<AbsPoint x="-15" y="0" />
								</Anchor>
							</Anchors>
							<EventHandlers>
								<EventHandler event="OnLButtonUp" function="StatdollWnd.onLBMeleeWnd" />
							</EventHandlers>
							<TexSlices>
								<Pressed id="Quest-Tracker-Open" />
								<Normal id="Quest-Tracker-Open" />
								<NormalHighlit id="Quest-Tracker-Open-ROLLOVER" />
							</TexSlices>
						</Button>
					</Windows>
				</Window>
				<!-- BUTTONS EXTRA: END -->
			</Windows>
		</Window>

		<!-- SUBWINDOW MAGIC: BEGIN -->
		<Window name="StatdollMagicWnd" layer="default" sticky="true" popable="false" movable="false" savesettings="true">
			<Size>
				<AbsPoint x="330" y="95" />
			</Size>
			<Windows>
				<!-- BACKGROUND: BEGIN -->
				<Window name="$parentBackground" inherits="EA_Window_DefaultTooltipBackground" sticky="false" alpha="1" layer="background">
					<Anchors>
						<Anchor point="topleft" relativePoint="topleft" relativeTo="$parent">
							<AbsPoint x="0" y="0" />
						</Anchor>
						<Anchor point="bottomright" relativePoint="bottomright" relativeTo="$parent">
							<AbsPoint x="0" y="-5" />
						</Anchor>
					</Anchors>
				</Window>
				<!-- BACKGROUND: END -->

				<!-- HEALINGPOWER: BEGIN -->
				<Window name="HealPower">
					<Size>
						<AbsPoint x="155" y="80" />
					</Size>
					<Anchors>
						<Anchor point="topleft" relativePoint="topleft" relativeTo="$parent">
							<AbsPoint x="5" y="5" />
						</Anchor>
					</Anchors>
					<Windows>
						<Label name="$parentPowerIcon" font="font_default_text_huge" autoresize="false" textalign="left" layer="popup" popable="false" handleinput="false">
							<Size>
								<AbsPoint x="30" y="30" />
							</Size>
							<Anchors>
								<Anchor point="topleft" relativePoint="topleft" relativeTo="$parent">
									<AbsPoint x="2" y="5" />
								</Anchor>
							</Anchors>
						</Label>
						<Label name="$parentLabel" font="font_clear_medium_bold" warnOnTextCropped="false" autoresize="true" textalign="left" layer="popup" popable="false" handleinput="false">
							<Size>
								<AbsPoint x="140" y="35" />
							</Size>
							<Anchors>
								<Anchor point="topleft" relativePoint="topleft" relativeTo="$parentPowerIcon">
									<AbsPoint x="15" y="-2" />
								</Anchor>
							</Anchors>
							<Color r="175" g="175" b="255" />
						</Label>
						<Label name="$parentPowerValue" font="font_default_text_giant" autoresize="true" textalign="right" layer="popup" popable="false" handleinput="false">
							<Size>
								<AbsPoint x="90" y="55" />
							</Size>
							<Anchors>
								<Anchor point="bottomleft" relativePoint="bottomleft" relativeTo="$parent">
									<AbsPoint x="0" y="1" />
								</Anchor>
							</Anchors>
							<Color r="255" g="255" b="128" />
						</Label>
						<Label name="$parentIcon" font="font_default_text_huge" autoresize="false" textalign="right" layer="popup" popable="false" handleinput="false">
							<Size>
								<AbsPoint x="30" y="30" />
							</Size>
							<Anchors>
								<Anchor point="left" relativePoint="right" relativeTo="$parentValue">
									<AbsPoint x="14" y="1" />
								</Anchor>
							</Anchors>
						</Label>
						<Label name="$parentValue" font="font_clear_medium_bold" autoresize="false" textalign="left" layer="popup" popable="false" handleinput="false">
							<Size>
								<AbsPoint x="50" y="30" />
							</Size>
							<Anchors>
								<Anchor point="bottomright" relativePoint="bottomright" relativeTo="$parent">
									<AbsPoint x="5" y="-17" />
								</Anchor>
							</Anchors>
							<Color r="255" g="255" b="128" />
						</Label>
						<Label name="$parentCritIcon" font="font_default_text_huge" autoresize="false" textalign="right" layer="popup" popable="false" handleinput="false">
							<Size>
								<AbsPoint x="30" y="30" />
							</Size>
							<Anchors>
								<Anchor point="left" relativePoint="right" relativeTo="$parentCritValue">
									<AbsPoint x="14" y="-1" />
								</Anchor>
							</Anchors>
						</Label>
						<Label name="$parentCritValue" font="font_clear_medium_bold" autoresize="false" textalign="left" layer="popup" popable="false" handleinput="false">
							<Size>
								<AbsPoint x="50" y="30" />
							</Size>
							<Anchors>
								<Anchor point="bottomright" relativePoint="bottomright" relativeTo="$parent">
									<AbsPoint x="5" y="5" />
								</Anchor>
							</Anchors>
							<Color r="255" g="255" b="128" />
						</Label>
					</Windows>
				</Window>
				<!-- HEALINGPOWER: END -->

				<!-- SEPARATOR: BEGIN -->
				<FullResizeImage name="$parentSeparator" inherits="EA_FullResizeImage_TintableSolidBackground" layer="popup">
					<Size>
						<AbsPoint x="2" y="70" />
					</Size>
					<Anchors>
						<Anchor point="center" relativePoint="center" relativeTo="$parent">
							<AbsPoint x="0" y="0" />
						</Anchor>
					</Anchors>
					<TintColor r="130" g="130" b="130" a="200" />
				</FullResizeImage>
				<!-- SEPARATOR: BEGIN -->

				<!-- MAGICPOWER: BEGIN -->
				<Window name="MagicPower">
					<Size>
						<AbsPoint x="155" y="80" />
					</Size>
					<Anchors>
						<Anchor point="topleft" relativePoint="topleft" relativeTo="$parent">
							<AbsPoint x="170" y="5" />
						</Anchor>
					</Anchors>
					<Windows>
						<Label name="$parentPowerIcon" font="font_default_text_huge" autoresize="false" textalign="left" layer="popup" popable="false" handleinput="false">
							<Size>
								<AbsPoint x="30" y="30" />
							</Size>
							<Anchors>
								<Anchor point="topleft" relativePoint="topleft" relativeTo="$parent">
									<AbsPoint x="2" y="5" />
								</Anchor>
							</Anchors>
						</Label>
						<Label name="$parentLabel" font="font_clear_medium_bold" autoresize="true" textalign="left" layer="popup" popable="false" handleinput="false">
							<Size>
								<AbsPoint x="140" y="35" />
							</Size>
							<Anchors>
								<Anchor point="topleft" relativePoint="topleft" relativeTo="$parentPowerIcon">
									<AbsPoint x="15" y="0" />
								</Anchor>
							</Anchors>
							<Color r="175" g="175" b="255" />
						</Label>
						<Label name="$parentPowerValue" font="font_default_text_giant" autoresize="true" textalign="right" layer="popup" popable="false" handleinput="false">
							<Size>
								<AbsPoint x="90" y="55" />
							</Size>
							<Anchors>
								<Anchor point="bottomleft" relativePoint="bottomleft" relativeTo="$parent">
									<AbsPoint x="0" y="1" />
								</Anchor>
							</Anchors>
							<Color r="255" g="255" b="128" />
						</Label>
						<Label name="$parentIcon" font="font_default_text_huge" autoresize="false" textalign="right" layer="popup" popable="false" handleinput="false">
							<Size>
								<AbsPoint x="30" y="30" />
							</Size>
							<Anchors>
								<Anchor point="left" relativePoint="right" relativeTo="$parentValue">
									<AbsPoint x="14" y="1" />
								</Anchor>
							</Anchors>
						</Label>
						<Label name="$parentValue" font="font_clear_medium_bold" autoresize="false" textalign="left" layer="popup" popable="false" handleinput="false">
							<Size>
								<AbsPoint x="50" y="30" />
							</Size>
							<Anchors>
								<Anchor point="bottomright" relativePoint="bottomright" relativeTo="$parent">
									<AbsPoint x="5" y="-17" />
								</Anchor>
							</Anchors>
							<Color r="255" g="255" b="128" />
						</Label>
						<Label name="$parentCritIcon" font="font_default_text_huge" autoresize="false" textalign="right" layer="popup" popable="false" handleinput="false">
							<Size>
								<AbsPoint x="30" y="30" />
							</Size>
							<Anchors>
								<Anchor point="left" relativePoint="right" relativeTo="$parentCritValue">
									<AbsPoint x="14" y="-1" />
								</Anchor>
							</Anchors>
						</Label>
						<Label name="$parentCritValue" font="font_clear_medium_bold" autoresize="false" textalign="left" layer="popup" popable="false" handleinput="false">
							<Size>
								<AbsPoint x="50" y="30" />
							</Size>
							<Anchors>
								<Anchor point="bottomright" relativePoint="bottomright" relativeTo="$parent">
									<AbsPoint x="5" y="5" />
								</Anchor>
							</Anchors>
							<Color r="255" g="255" b="128" />
						</Label>
					</Windows>
				</Window>
				<!-- MAGICPOWER: END -->
			</Windows>
		</Window>
		<!-- SUBWINDOW MAGIC: END -->

		<!-- SUBWINDOW RANGE: BEGIN -->
		<Window name="StatdollRangeWnd" handleinput="true" layer="default" sticky="true" popable="false" movable="false" savesettings="true">
			<Size>
				<AbsPoint x="330" y="95" />
			</Size>
			<EventHandlers>
				<EventHandler event="OnRButtonUp" function="Statdoll.toggleRangeDPS" />
			</EventHandlers>
			<Windows>
				<!-- BACKGROUND: BEGIN -->
				<Window name="$parentBackground" inherits="EA_Window_DefaultTooltipBackground" sticky="false" alpha="1" layer="background">
					<Anchors>
						<Anchor point="topleft" relativePoint="topleft" relativeTo="$parent">
							<AbsPoint x="0" y="0" />
						</Anchor>
						<Anchor point="bottomright" relativePoint="bottomright" relativeTo="$parent">
							<AbsPoint x="0" y="-5" />
						</Anchor>
					</Anchors>
				</Window>
				<!-- BACKGROUND: END -->

				<!-- RANGEPOWER: BEGIN -->
				<Window name="RangePower">
					<Size>
						<AbsPoint x="155" y="80" />
					</Size>
					<Anchors>
						<Anchor point="topleft" relativePoint="topleft" relativeTo="$parent">
							<AbsPoint x="5" y="5" />
						</Anchor>
					</Anchors>
					<Windows>
						<Label name="$parentPowerIcon" font="font_default_text_huge" autoresize="false" textalign="left" layer="popup" popable="false" handleinput="false">
							<Size>
								<AbsPoint x="30" y="30" />
							</Size>
							<Anchors>
								<Anchor point="topleft" relativePoint="topleft" relativeTo="$parent">
									<AbsPoint x="2" y="5" />
								</Anchor>
							</Anchors>
						</Label>
						<Label name="$parentLabel" font="font_clear_medium_bold" autoresize="true" textalign="left" layer="popup" popable="false" handleinput="false">
							<Size>
								<AbsPoint x="140" y="35" />
							</Size>
							<Anchors>
								<Anchor point="topleft" relativePoint="topleft" relativeTo="$parentPowerIcon">
									<AbsPoint x="15" y="0" />
								</Anchor>
							</Anchors>
							<Color r="175" g="175" b="255" />
						</Label>
						<Label name="$parentPowerValue" font="font_default_text_giant" autoresize="true" textalign="right" layer="popup" popable="false" handleinput="false">
							<Size>
								<AbsPoint x="90" y="55" />
							</Size>
							<Anchors>
								<Anchor point="bottomleft" relativePoint="bottomleft" relativeTo="$parent">
									<AbsPoint x="0" y="1" />
								</Anchor>
							</Anchors>
							<Color r="255" g="255" b="128" />
						</Label>
						<Label name="$parentIcon" font="font_default_text_huge" autoresize="false" textalign="right" layer="popup" popable="false" handleinput="false">
							<Size>
								<AbsPoint x="30" y="30" />
							</Size>
							<Anchors>
								<Anchor point="left" relativePoint="right" relativeTo="$parentValue">
									<AbsPoint x="14" y="1" />
								</Anchor>
							</Anchors>
						</Label>
						<Label name="$parentValue" font="font_clear_medium_bold" autoresize="false" textalign="left" layer="popup" popable="false" handleinput="false">
							<Size>
								<AbsPoint x="50" y="30" />
							</Size>
							<Anchors>
								<Anchor point="bottomright" relativePoint="bottomright" relativeTo="$parent">
									<AbsPoint x="5" y="-17" />
								</Anchor>
							</Anchors>
							<Color r="255" g="255" b="128" />
						</Label>
						<Label name="$parentCritIcon" font="font_default_text_huge" autoresize="false" textalign="right" layer="popup" popable="false" handleinput="false">
							<Size>
								<AbsPoint x="30" y="30" />
							</Size>
							<Anchors>
								<Anchor point="left" relativePoint="right" relativeTo="$parentCritValue">
									<AbsPoint x="14" y="-1" />
								</Anchor>
							</Anchors>
						</Label>
						<Label name="$parentCritValue" font="font_clear_medium_bold" autoresize="false" textalign="left" layer="popup" popable="false" handleinput="false">
							<Size>
								<AbsPoint x="50" y="30" />
							</Size>
							<Anchors>
								<Anchor point="bottomright" relativePoint="bottomright" relativeTo="$parent">
									<AbsPoint x="5" y="5" />
								</Anchor>
							</Anchors>
							<Color r="255" g="255" b="128" />
						</Label>
					</Windows>
				</Window>
				<!-- RANGEPOWER: END -->

				<!-- SEPARATOR: BEGIN -->
				<FullResizeImage name="$parentSeparator" inherits="EA_FullResizeImage_TintableSolidBackground" layer="popup">
					<Size>
						<AbsPoint x="2" y="70" />
					</Size>
					<Anchors>
						<Anchor point="center" relativePoint="center" relativeTo="$parent">
							<AbsPoint x="0" y="0" />
						</Anchor>
					</Anchors>
					<TintColor r="130" g="130" b="130" a="200" />
				</FullResizeImage>
				<!-- SEPARATOR: BEGIN -->

				<!-- RANGE AA/S: BEGIN -->
				<Window name="RangeAAPower">
					<Size>
						<AbsPoint x="155" y="80" />
					</Size>
					<Anchors>
						<Anchor point="topleft" relativePoint="topleft" relativeTo="$parent">
							<AbsPoint x="170" y="5" />
						</Anchor>
					</Anchors>
					<Windows>
						<Label name="$parentPowerIcon" font="font_default_text_huge" autoresize="false" textalign="left" layer="popup" popable="false" handleinput="false">
							<Size>
								<AbsPoint x="30" y="30" />
							</Size>
							<Anchors>
								<Anchor point="topleft" relativePoint="topleft" relativeTo="$parent">
									<AbsPoint x="2" y="5" />
								</Anchor>
							</Anchors>
						</Label>
						<Label name="$parentLabel" font="font_clear_medium_bold" autoresize="true" textalign="left" layer="popup" popable="false" handleinput="false">
							<Size>
								<AbsPoint x="140" y="35" />
							</Size>
							<Anchors>
								<Anchor point="topleft" relativePoint="topleft" relativeTo="$parentPowerIcon">
									<AbsPoint x="15" y="0" />
								</Anchor>
							</Anchors>
							<Color r="175" g="175" b="255" />
						</Label>
						<Label name="$parentPowerValue" font="font_default_text_giant" autoresize="true" textalign="right" layer="popup" popable="false" handleinput="false">
							<Size>
								<AbsPoint x="90" y="55" />
							</Size>
							<Anchors>
								<Anchor point="bottomleft" relativePoint="bottomleft" relativeTo="$parent">
									<AbsPoint x="0" y="1" />
								</Anchor>
							</Anchors>
							<Color r="255" g="255" b="128" />
						</Label>
						<Label name="$parentIcon" font="font_default_text_huge" autoresize="false" textalign="right" layer="popup" popable="false" handleinput="false">
							<Size>
								<AbsPoint x="30" y="30" />
							</Size>
							<Anchors>
								<Anchor point="left" relativePoint="right" relativeTo="$parentValue">
									<AbsPoint x="14" y="1" />
								</Anchor>
							</Anchors>
						</Label>
						<Label name="$parentValue" font="font_clear_medium_bold" autoresize="false" textalign="left" layer="popup" popable="false" handleinput="false">
							<Size>
								<AbsPoint x="50" y="30" />
							</Size>
							<Anchors>
								<Anchor point="bottomright" relativePoint="bottomright" relativeTo="$parent">
									<AbsPoint x="5" y="-17" />
								</Anchor>
							</Anchors>
							<Color r="255" g="255" b="128" />
						</Label>
						<Label name="$parentCritIcon" font="font_default_text_huge" autoresize="false" textalign="right" layer="popup" popable="false" handleinput="false">
							<Size>
								<AbsPoint x="30" y="30" />
							</Size>
							<Anchors>
								<Anchor point="left" relativePoint="right" relativeTo="$parentCritValue">
									<AbsPoint x="14" y="-1" />
								</Anchor>
							</Anchors>
						</Label>
						<Label name="$parentCritValue" font="font_clear_medium_bold" autoresize="false" textalign="left" layer="popup" popable="false" handleinput="false">
							<Size>
								<AbsPoint x="50" y="30" />
							</Size>
							<Anchors>
								<Anchor point="bottomright" relativePoint="bottomright" relativeTo="$parent">
									<AbsPoint x="5" y="5" />
								</Anchor>
							</Anchors>
							<Color r="255" g="255" b="128" />
						</Label>
					</Windows>
				</Window>
				<!-- RANGE AA/S: END -->
			</Windows>
		</Window>
		<!-- SUBWINDOW RANGE: END -->

		<!-- SUBWINDOW MELEE: BEGIN -->
		<Window name="StatdollMeleeWnd" handleinput="true" layer="default" sticky="true" popable="false" movable="false" savesettings="true">
			<Size>
				<AbsPoint x="330" y="95" />
			</Size>
			<EventHandlers>
				<EventHandler event="OnRButtonUp" function="Statdoll.toggleMeleeDPS" />
			</EventHandlers>
			<Windows>
				<!-- BACKGROUND: BEGIN -->
				<Window name="$parentBackground" inherits="EA_Window_DefaultTooltipBackground" sticky="false" alpha="1" layer="background">
					<Anchors>
						<Anchor point="topleft" relativePoint="topleft" relativeTo="$parent">
							<AbsPoint x="0" y="0" />
						</Anchor>
						<Anchor point="bottomright" relativePoint="bottomright" relativeTo="$parent">
							<AbsPoint x="0" y="-5" />
						</Anchor>
					</Anchors>
				</Window>
				<!-- BACKGROUND: END -->

				<!-- MELEEPOWER: BEGIN -->
				<Window name="MeleePower">
					<Size>
						<AbsPoint x="155" y="80" />
					</Size>
					<Anchors>
						<Anchor point="topleft" relativePoint="topleft" relativeTo="$parent">
							<AbsPoint x="5" y="5" />
						</Anchor>
					</Anchors>
					<Windows>
						<Label name="$parentPowerIcon" font="font_default_text_huge" autoresize="false" textalign="left" layer="popup" popable="false" handleinput="false">
							<Size>
								<AbsPoint x="30" y="30" />
							</Size>
							<Anchors>
								<Anchor point="topleft" relativePoint="topleft" relativeTo="$parent">
									<AbsPoint x="2" y="5" />
								</Anchor>
							</Anchors>
						</Label>
						<Label name="$parentLabel" font="font_clear_medium_bold" autoresize="true" textalign="left" layer="popup" popable="false" handleinput="false">
							<Size>
								<AbsPoint x="140" y="35" />
							</Size>
							<Anchors>
								<Anchor point="topleft" relativePoint="topleft" relativeTo="$parentPowerIcon">
									<AbsPoint x="15" y="0" />
								</Anchor>
							</Anchors>
							<Color r="175" g="175" b="255" />
						</Label>
						<Label name="$parentPowerValue" font="font_default_text_giant" autoresize="true" textalign="right" layer="popup" popable="false" handleinput="false">
							<Size>
								<AbsPoint x="90" y="55" />
							</Size>
							<Anchors>
								<Anchor point="bottomleft" relativePoint="bottomleft" relativeTo="$parent">
									<AbsPoint x="0" y="1" />
								</Anchor>
							</Anchors>
							<Color r="255" g="255" b="128" />
						</Label>
						<Label name="$parentIcon" font="font_default_text_huge" autoresize="false" textalign="right" layer="popup" popable="false" handleinput="false">
							<Size>
								<AbsPoint x="30" y="30" />
							</Size>
							<Anchors>
								<Anchor point="left" relativePoint="right" relativeTo="$parentValue">
									<AbsPoint x="14" y="1" />
								</Anchor>
							</Anchors>
						</Label>
						<Label name="$parentValue" font="font_clear_medium_bold" autoresize="false" textalign="left" layer="popup" popable="false" handleinput="false">
							<Size>
								<AbsPoint x="50" y="30" />
							</Size>
							<Anchors>
								<Anchor point="bottomright" relativePoint="bottomright" relativeTo="$parent">
									<AbsPoint x="5" y="-17" />
								</Anchor>
							</Anchors>
							<Color r="255" g="255" b="128" />
						</Label>
						<Label name="$parentCritIcon" font="font_default_text_huge" autoresize="false" textalign="right" layer="popup" popable="false" handleinput="false">
							<Size>
								<AbsPoint x="30" y="30" />
							</Size>
							<Anchors>
								<Anchor point="left" relativePoint="right" relativeTo="$parentCritValue">
									<AbsPoint x="14" y="-1" />
								</Anchor>
							</Anchors>
						</Label>
						<Label name="$parentCritValue" font="font_clear_medium_bold" autoresize="false" textalign="left" layer="popup" popable="false" handleinput="false">
							<Size>
								<AbsPoint x="50" y="30" />
							</Size>
							<Anchors>
								<Anchor point="bottomright" relativePoint="bottomright" relativeTo="$parent">
									<AbsPoint x="5" y="5" />
								</Anchor>
							</Anchors>
							<Color r="255" g="255" b="128" />
						</Label>
					</Windows>
				</Window>
				<!-- MELEEPOWER: END -->

				<!-- SEPARATOR: BEGIN -->
				<FullResizeImage name="$parentSeparator" inherits="EA_FullResizeImage_TintableSolidBackground" layer="popup">
					<Size>
						<AbsPoint x="2" y="70" />
					</Size>
					<Anchors>
						<Anchor point="center" relativePoint="center" relativeTo="$parent">
							<AbsPoint x="0" y="0" />
						</Anchor>
					</Anchors>
					<TintColor r="130" g="130" b="130" a="200" />
				</FullResizeImage>
				<!-- SEPARATOR: BEGIN -->

				<!-- MELEE AA/S: BEGIN -->
				<Window name="MeleeAAPower">
					<Size>
						<AbsPoint x="155" y="80" />
					</Size>
					<Anchors>
						<Anchor point="topleft" relativePoint="topleft" relativeTo="$parent">
							<AbsPoint x="170" y="5" />
						</Anchor>
					</Anchors>
					<Windows>
						<Label name="$parentPowerIcon" font="font_default_text_huge" autoresize="false" textalign="left" layer="popup" popable="false" handleinput="false">
							<Size>
								<AbsPoint x="30" y="30" />
							</Size>
							<Anchors>
								<Anchor point="topleft" relativePoint="topleft" relativeTo="$parent">
									<AbsPoint x="2" y="5" />
								</Anchor>
							</Anchors>
						</Label>
						<Label name="$parentLabel" font="font_clear_medium_bold" autoresize="true" textalign="left" layer="popup" popable="false" handleinput="false">
							<Size>
								<AbsPoint x="140" y="35" />
							</Size>
							<Anchors>
								<Anchor point="topleft" relativePoint="topleft" relativeTo="$parentPowerIcon">
									<AbsPoint x="15" y="0" />
								</Anchor>
							</Anchors>
							<Color r="175" g="175" b="255" />
						</Label>
						<Label name="$parentPowerValue" font="font_default_text_giant" autoresize="true" textalign="right" layer="popup" popable="false" handleinput="false">
							<Size>
								<AbsPoint x="90" y="55" />
							</Size>
							<Anchors>
								<Anchor point="bottomleft" relativePoint="bottomleft" relativeTo="$parent">
									<AbsPoint x="0" y="1" />
								</Anchor>
							</Anchors>
							<Color r="255" g="255" b="128" />
						</Label>
						<Label name="$parentIcon" font="font_default_text_huge" autoresize="false" textalign="right" layer="popup" popable="false" handleinput="false">
							<Size>
								<AbsPoint x="30" y="30" />
							</Size>
							<Anchors>
								<Anchor point="left" relativePoint="right" relativeTo="$parentValue">
									<AbsPoint x="14" y="1" />
								</Anchor>
							</Anchors>
						</Label>
						<Label name="$parentValue" font="font_clear_medium_bold" autoresize="false" textalign="left" layer="popup" popable="false" handleinput="false">
							<Size>
								<AbsPoint x="50" y="30" />
							</Size>
							<Anchors>
								<Anchor point="bottomright" relativePoint="bottomright" relativeTo="$parent">
									<AbsPoint x="5" y="-17" />
								</Anchor>
							</Anchors>
							<Color r="255" g="255" b="128" />
						</Label>
						<Label name="$parentCritIcon" font="font_default_text_huge" autoresize="false" textalign="right" layer="popup" popable="false" handleinput="false">
							<Size>
								<AbsPoint x="30" y="30" />
							</Size>
							<Anchors>
								<Anchor point="left" relativePoint="right" relativeTo="$parentCritValue">
									<AbsPoint x="14" y="-1" />
								</Anchor>
							</Anchors>
						</Label>
						<Label name="$parentCritValue" font="font_clear_medium_bold" autoresize="false" textalign="left" layer="popup" popable="false" handleinput="false">
							<Size>
								<AbsPoint x="50" y="30" />
							</Size>
							<Anchors>
								<Anchor point="bottomright" relativePoint="bottomright" relativeTo="$parent">
									<AbsPoint x="5" y="5" />
								</Anchor>
							</Anchors>
							<Color r="255" g="255" b="128" />
						</Label>
					</Windows>
				</Window>
				<!-- MELEE AA/S: END -->
			</Windows>
		</Window>
		<!-- SUBWINDOW MELEE: END -->
	</Windows>
</Interface>