<Interface xmlns:xsi="http://www.w3.org/2001/XMLSchema-instance" xsi:noNamespaceSchemaLocation="../../Interface.xsd">
	<Windows>
		<Button name="StatdollWndCloseTemplate" inherits="EA_Button_DefaultWindowClose" layer="primary">
			<EventHandlers>
				<EventHandler event="OnLButtonUp" function="Statdoll.Options.onCancel" />
			</EventHandlers>
			<Anchors>
				<Anchor point="topright" relativePoint="topright" relativeTo="$parent">
					<AbsPoint x="-5" y="5" />
				</Anchor>
			</Anchors>
		</Button>
	</Windows>
</Interface>