<Interface xmlns:xsi="http://www.w3.org/2001/XMLSchema-instance" xsi:noNamespaceSchemaLocation="../../Interface.xsd">
	<Windows>
		<!-- Settings template -->
		<Window name="EffigyConfigGuiRulesTemplate" handleinput="true" layer="secondary" movable="true" show="false" savesettings="false">
			<Size>
				<AbsPoint x="704" y="480" />
			</Size>
			<Anchors>
				<Anchor point="center" relativePoint="center" />
			</Anchors>
			<Windows>
				<Window name="$parentBackground" inherits="EA_Window_DefaultBackgroundFrame" />
				<Window name="$parentTitleBar" inherits="EA_TitleBar_Default" />
				<Button name="$parentButtonClose" inherits="EA_Button_DefaultWindowClose" >
					<EventHandlers>
						<EventHandler event="OnLButtonUp" function="EffigyConfigGui.Rules.OnClickCloseSettings" />
					</EventHandlers>
				</Button>
				<!--<DynamicImage name="$parentCornerImage" inherits="EA_Default_CornerImage" texture="RV_CornerIcon_Mod" />-->
				<Button name="$parentButtonOK" inherits="EA_Button_DefaultResizeable" >
					<Anchors>
						<Anchor point="bottomright" relativePoint="bottomright">
							<AbsPoint x="-20" y="-20" />
						</Anchor>
					</Anchors>
					<EventHandlers>
						<EventHandler event="OnLButtonUp" function="EffigyConfigGui.Rules.OnClickCloseSettings" />
					</EventHandlers>
				</Button>
				<Window name="$parentButtonBackground" inherits="EA_Window_DefaultButtonBottomFrame" layer="background" >
					<Size>
						<AbsPoint x="0" y="75" />
					</Size>
				</Window>

				<!-- TABS Begin -->
				<Window name="$parentTab" >
					<Size>
						<AbsPoint x="500" y="35" />
					</Size>
					<Anchors>
						<Anchor point="bottomleft" relativePoint="topleft" relativeTo="$parentTitleBar"/>
						<Anchor point="bottomright" relativePoint="topright" relativeTo="$parentTitleBar"/>
					</Anchors>
					<Windows>
						<Window name="$parentSeparatorLeft" inherits="EA_Window_TabSeparatorLeftSide" handleinput="true" layer="popup">
							<Size>
								<AbsPoint x="14" y="20" />
							</Size>
							<Anchors>
								<Anchor point="bottomleft" relativePoint="bottomleft" relativeTo ="$parent">
									<AbsPoint x="0" y="14" />
								</Anchor>
								<Anchor point="bottomleft" relativePoint="bottomright" relativeTo="$parentColor">
									<AbsPoint x="0" y="14" />
								</Anchor>
							</Anchors>
						</Window>
						<Button name="$parentColor" inherits="EA_Button_Tab">
							<Size>
								<AbsPoint x="124" y="35" />
							</Size>
							<TextOffset x="0" y="0" />
							<Anchors>
								<Anchor point="topleft" relativePoint="topleft">
									<AbsPoint x="25" y="0" />
								</Anchor>
							</Anchors>
							<EventHandlers>
								<EventHandler event="OnLButtonUp" function="EffigyConfigGui.Rules.OnClickTabColor" />
							</EventHandlers>
						</Button>
						<Button name="$parentTexture" inherits="EA_Button_Tab">
							<Size>
								<AbsPoint x="124" y="35" />
							</Size>
							<TextOffset x="0" y="0" />
							<Anchors>
								<Anchor point="right" relativePoint="left" relativeTo="$parentColor" />
							</Anchors>
							<EventHandlers>
								<EventHandler event="OnLButtonUp" function="EffigyConfigGui.Rules.OnClickTabTexture" />
							</EventHandlers>
						</Button>
						<Button name="$parentVisibility" inherits="EA_Button_Tab">
							<Size>
								<AbsPoint x="124" y="35" />
							</Size>
							<TextOffset x="0" y="0" />
							<Anchors>
								<Anchor point="right" relativePoint="left" relativeTo="$parentTexture" />
							</Anchors>
							<EventHandlers>
								<EventHandler event="OnLButtonUp" function="EffigyConfigGui.Rules.OnClickTabVisibility" />
							</EventHandlers>
						</Button>
						<Button name="$parentAlpha" inherits="EA_Button_Tab">
							<Size>
								<AbsPoint x="124" y="35" />
							</Size>
							<TextOffset x="0" y="0" />
							<Anchors>
								<Anchor point="right" relativePoint="left" relativeTo="$parentVisibility" />
							</Anchors>
							<EventHandlers>
								<EventHandler event="OnLButtonUp" function="EffigyConfigGui.Rules.OnClickTabAlpha" />
							</EventHandlers>
						</Button>
						<Window name="$parentSeparatorRight" inherits="EA_Window_TabSeparatorRightSide" layer="background" popable="false">
							<Size>
								<AbsPoint x="0" y="20" />
							</Size>
							<Anchors>
								<Anchor point="bottomright" relativePoint="bottomleft" relativeTo="$parentAlpha">
									<AbsPoint x="0" y="14" />
								</Anchor>
								<Anchor point="bottomright" relativePoint="bottomright" relativeTo="$parent">
									<AbsPoint x="0" y="14" />
								</Anchor>
							</Anchors>
						</Window>
					</Windows>
				</Window>
				<!-- TABS End -->
			</Windows>
		</Window>
		
		
	</Windows>
</Interface>
