<Interface xmlns:xsi="http://wutf-8.org/2001/XMLSchema-instance" xsi:noNamespaceSchemaLocation="../../Interface.xsd">
	<Windows>
		
		<Window name="TexturedButtonsSetupTintWindow" inherits="EA_Window_Default" movable="false" layer="popup" savesettings="false" scale="1.0">
			<EventHandlers>
				<EventHandler event="OnHidden" function="TexturedButtons.Setup.Tint.OnHidden" />
			</EventHandlers>
			<Size>
				<AbsPoint x="580" y="370" />
			</Size>
			<Anchors>
				<Anchor point="center" relativePoint="center" relativeTo="Root">
					<AbsPoint x="0" y="0" />
 				</Anchor>
			</Anchors>
			<Windows>
			
                <Button name="$parentClose" inherits="EA_Button_DefaultWindowClose">
					<Anchors>
						<Anchor point="topright" relativePoint="center" relativeTo="$parent">
							<AbsPoint x="-15" y="15" />
						</Anchor>
					</Anchors>
                    <EventHandlers>
						<EventHandler event="OnLButtonUp" function="TexturedButtons.Setup.Tint.OnCloseLUp" />
                    </EventHandlers>
                </Button>
			
				<Window name="$parentBackground" inherits="EA_Window_DefaultBackgroundFrame" handleinput="true">
					<Anchors>
           				<Anchor point="topleft" relativePoint="topleft" relativeTo="$parent" />
           				<Anchor point="bottomright" relativePoint="bottomright" relativeTo="$parent"/>
       				</Anchors>
				</Window>
				
				<Label name="$parentTitleLabel" font="font_default_text" textalign="left" maxchars="35">
					<Size>
						<AbsPoint x="480" y="40" />
					</Size>
					<Anchors>
						<Anchor point="topleft" relativePoint="topleft" relativeTo="$parent">
							<AbsPoint x="20" y="20" />
						</Anchor>
					</Anchors>
				</Label>
				
				<Window name="$parentEnable" inherits="EA_LabelCheckButton">
					<Size>
						<AbsPoint x="25" y="25" />
					</Size>
					<Anchors>
						<Anchor point="bottomleft" relativePoint="topleft" relativeTo="$parentTitleLabel">
							<AbsPoint x="10" y="0"/>
						</Anchor>
					</Anchors>
					<EventHandlers>
						<EventHandler event="OnLButtonUp" function="TexturedButtons.Setup.Tint.OnEnableLUp" />
					</EventHandlers>
    			</Window>
				
				<Label name="$parentEnableCheckboxLabel" font="font_clear_small" textalign="left" maxchars="200">
					<Size>
						<AbsPoint x="300" y="20" />
					</Size>
					<Anchors>
						<Anchor point="right" relativePoint="left" relativeTo="$parentEnable">
							<AbsPoint x="10" y="0" />
						</Anchor>
					</Anchors>
				</Label>
				
				<Label name="$parentTintType" font="font_clear_small_bold" textalign="left" maxchars="200">
					<Size>
						<AbsPoint x="300" y="20" />
					</Size>
					<Anchors>
						<Anchor point="bottomleft" relativePoint="topleft" relativeTo="$parentEnable">
							<AbsPoint x="0" y="20" />
						</Anchor>
					</Anchors>
				</Label>
				
				<ComboBox name="$parentTintTypeComboBox" inherits="EA_ComboBox_DefaultResizable">
					<Anchors>
						<Anchor point="bottomleft" relativePoint="topleft" relativeTo="$parentTintType">
							<AbsPoint x="10" y="10"/>
						</Anchor>
					</Anchors>
					<EventHandlers>
						<EventHandler event="OnSelChanged" function="TexturedButtons.Setup.Tint.OnTintTypeChanged" />
					</EventHandlers>
				</ComboBox>
				
				<Label name="$parentTintTypeInfo" font="font_clear_small" textalign="left" maxchars="200">
					<Size>
						<AbsPoint x="400" y="20" />
					</Size>
					<Anchors>
						<Anchor point="bottomleft" relativePoint="topleft" relativeTo="$parentTintTypeComboBox">
							<AbsPoint x="0" y="10" />
						</Anchor>
					</Anchors>
				</Label>
				
				<Label name="$parentTintRed" font="font_clear_small" textalign="left" maxchars="200">
					<Size>
						<AbsPoint x="60" y="20" />
					</Size>
					<Anchors>
						<Anchor point="bottomleft" relativePoint="topleft" relativeTo="$parentTintTypeInfo">
							<AbsPoint x="10" y="40" />
						</Anchor>
					</Anchors>
				</Label>
				
				<SliderBar name="$parentTintRedSlider" inherits="EA_Default_SliderBar">
					<Size>
						<AbsPoint x="100" y="35" />
					</Size>
					<Anchors>
						<Anchor point="right" relativePoint="left" relativeTo="$parentTintRed">
							<AbsPoint x="10" y="0" />
						</Anchor>
					</Anchors>
					<EventHandlers>
						<EventHandler event="OnSlide" function="TexturedButtons.Setup.Tint.OnSlideTint" />
					</EventHandlers>
				</SliderBar>
				
				<EditBox name="$parentTintRedEditBox" inherits="EA_EditBox_DefaultFrame" layer="default" maxchars="3">
					<Size>
						<AbsPoint x="60" y="32"/>
					</Size>
					<Anchors>
						<Anchor point="right" relativePoint="left" relativeTo="$parentTintRedSlider">
							<AbsPoint x="10" y="0"/>
						</Anchor>
					</Anchors>
					<EventHandlers>
						<EventHandler event="OnTextChanged" function="TexturedButtons.Setup.Tint.OnTintChanged" />
					</EventHandlers>
				</EditBox>
				
				<Label name="$parentTintGreen" font="font_clear_small" textalign="left" maxchars="200">
					<Size>
						<AbsPoint x="60" y="20" />
					</Size>
					<Anchors>
						<Anchor point="bottomleft" relativePoint="topleft" relativeTo="$parentTintRed">
							<AbsPoint x="0" y="20" />
						</Anchor>
					</Anchors>
				</Label>
				
				<SliderBar name="$parentTintGreenSlider" inherits="EA_Default_SliderBar">
					<Size>
						<AbsPoint x="100" y="35" />
					</Size>
					<Anchors>
						<Anchor point="right" relativePoint="left" relativeTo="$parentTintGreen">
							<AbsPoint x="10" y="0" />
						</Anchor>
					</Anchors>
					<EventHandlers>
						<EventHandler event="OnSlide" function="TexturedButtons.Setup.Tint.OnSlideTint" />
					</EventHandlers>
				</SliderBar>
				
				<EditBox name="$parentTintGreenEditBox" inherits="EA_EditBox_DefaultFrame" layer="default" maxchars="3">
					<Size>
						<AbsPoint x="60" y="32"/>
					</Size>
					<Anchors>
						<Anchor point="right" relativePoint="left" relativeTo="$parentTintGreenSlider">
							<AbsPoint x="10" y="0"/>
						</Anchor>
					</Anchors>
					<EventHandlers>
						<EventHandler event="OnTextChanged" function="TexturedButtons.Setup.Tint.OnTintChanged" />
					</EventHandlers>
				</EditBox>
				
				<Label name="$parentTintBlue" font="font_clear_small" textalign="left" maxchars="200">
					<Size>
						<AbsPoint x="60" y="20" />
					</Size>
					<Anchors>
						<Anchor point="bottomleft" relativePoint="topleft" relativeTo="$parentTintGreen">
							<AbsPoint x="0" y="20" />
						</Anchor>
					</Anchors>
				</Label>
				
				<SliderBar name="$parentTintBlueSlider" inherits="EA_Default_SliderBar">
					<Size>
						<AbsPoint x="100" y="35" />
					</Size>
					<Anchors>
						<Anchor point="right" relativePoint="left" relativeTo="$parentTintBlue">
							<AbsPoint x="10" y="0" />
						</Anchor>
					</Anchors>
					<EventHandlers>
						<EventHandler event="OnSlide" function="TexturedButtons.Setup.Tint.OnSlideTint" />
					</EventHandlers>
				</SliderBar>
				
				<EditBox name="$parentTintBlueEditBox" inherits="EA_EditBox_DefaultFrame" layer="default" maxchars="3">
					<Size>
						<AbsPoint x="60" y="32"/>
					</Size>
					<Anchors>
						<Anchor point="right" relativePoint="left" relativeTo="$parentTintBlueSlider">
							<AbsPoint x="10" y="0"/>
						</Anchor>
					</Anchors>
					<EventHandlers>
						<EventHandler event="OnTextChanged" function="TexturedButtons.Setup.Tint.OnTintChanged" />
					</EventHandlers>
				</EditBox>
				
				<DynamicImage name="$parentTintColor" texture="EA_TintableImage" handleinput="false">
					<Size>
						<AbsPoint x="40" y="40"/>
					</Size>
					<Anchors>
						<Anchor point="topright" relativePoint="topleft" relativeTo="$parentTintRedEditBox">
							<AbsPoint x="20" y="0"/>
						</Anchor>
					</Anchors>
				</DynamicImage>
				
			</Windows>
		</Window>
		
	</Windows>
</Interface>