<Interface xmlns:xsi="http://wutf-8.org/2001/XMLSchema-instance" xsi:noNamespaceSchemaLocation="../../Interface.xsd">
	<Windows>
		
		<Window name="TexturedButtonsSetupCooldownWindow" inherits="EA_Window_Default" movable="false" layer="popup" savesettings="false" scale="1.0">
			<EventHandlers>
				<EventHandler event="OnHidden" function="TexturedButtons.Setup.Cooldown.OnHidden" />
			</EventHandlers>
			<Size>
				<AbsPoint x="580" y="380" />
			</Size>
			<Anchors>
				<Anchor point="center" relativePoint="center" relativeTo="Root">
					<AbsPoint x="0" y="0" />
 				</Anchor>
			</Anchors>
			<Windows>
			
                <Button name="$parentClose" inherits="EA_Button_DefaultWindowClose">
					<Anchors>
						<Anchor point="topright" relativePoint="center" relativeTo="$parent">
							<AbsPoint x="-15" y="15" />
						</Anchor>
					</Anchors>
                    <EventHandlers>
						<EventHandler event="OnLButtonUp" function="TexturedButtons.Setup.Cooldown.OnCloseLUp" />
                    </EventHandlers>
                </Button>
			
				<Window name="$parentBackground" inherits="EA_Window_DefaultBackgroundFrame" handleinput="true">
					<Anchors>
           				<Anchor point="topleft" relativePoint="topleft" relativeTo="$parent" />
           				<Anchor point="bottomright" relativePoint="bottomright" relativeTo="$parent"/>
       				</Anchors>
				</Window>
				
				<Label name="$parentTitleLabel" font="font_default_text" textalign="left" maxchars="35">
					<Size>
						<AbsPoint x="480" y="40" />
					</Size>
					<Anchors>
						<Anchor point="topleft" relativePoint="topleft" relativeTo="$parent">
							<AbsPoint x="20" y="20" />
						</Anchor>
					</Anchors>
				</Label>
				
				<Window name="$parentEnable" inherits="EA_LabelCheckButton">
					<Size>
						<AbsPoint x="25" y="25" />
					</Size>
					<Anchors>
						<Anchor point="bottomleft" relativePoint="topleft" relativeTo="$parentTitleLabel">
							<AbsPoint x="10" y="0"/>
						</Anchor>
					</Anchors>
					<EventHandlers>
						<EventHandler event="OnLButtonUp" function="TexturedButtons.Setup.Cooldown.OnEnableLUp" />
					</EventHandlers>
    			</Window>
				
				<Label name="$parentEnableCheckboxLabel" font="font_clear_small" textalign="left">
					<Size>
						<AbsPoint x="300" y="20" />
					</Size>
					<Anchors>
						<Anchor point="right" relativePoint="left" relativeTo="$parentEnable">
							<AbsPoint x="10" y="0" />
						</Anchor>
					</Anchors>
				</Label>
				
				<Window name="$parentHideFlash" inherits="EA_LabelCheckButton">
					<Size>
						<AbsPoint x="25" y="25" />
					</Size>
					<Anchors>
						<Anchor point="bottomleft" relativePoint="topleft" relativeTo="$parentEnable">
							<AbsPoint x="0" y="10"/>
						</Anchor>
					</Anchors>
					<EventHandlers>
						<EventHandler event="OnLButtonUp" function="TexturedButtons.Setup.Cooldown.OnHideFlashLUp" />
					</EventHandlers>
    			</Window>
				
				<Label name="$parentHideFlashCheckboxLabel" font="font_clear_small" textalign="left">
					<Size>
						<AbsPoint x="300" y="20" />
					</Size>
					<Anchors>
						<Anchor point="right" relativePoint="left" relativeTo="$parentHideFlash">
							<AbsPoint x="10" y="0" />
						</Anchor>
					</Anchors>
				</Label>
				
				<Label name="$parentCooldownAnimation" font="font_clear_small_bold" textalign="left">
					<Size>
						<AbsPoint x="300" y="20" />
					</Size>
					<Anchors>
						<Anchor point="bottomleft" relativePoint="topleft" relativeTo="$parentHideFlash">
							<AbsPoint x="0" y="20" />
						</Anchor>
					</Anchors>
				</Label>
				
				<Label name="$parentCooldownAnimationColor" font="font_clear_small" textalign="left">
					<Size>
						<AbsPoint x="80" y="20" />
					</Size>
					<Anchors>
						<Anchor point="bottomleft" relativePoint="topleft" relativeTo="$parentCooldownAnimation">
							<AbsPoint x="10" y="10" />
						</Anchor>
					</Anchors>
				</Label>
						
				<Window name="$parentCooldownAnimationColorExample" inherits="TexturedButtonsColorExample" layer="secondary">
					<Size>
						<AbsPoint x="32" y="32"/>
					</Size>
					<Anchors>
						<Anchor point="bottomleft" relativePoint="topleft" relativeTo="$parentCooldownAnimationColor">
							<AbsPoint x="20" y="10"/>
						</Anchor>
					</Anchors>
					<EventHandlers>
						<EventHandler event="OnMouseOver" function="TexturedButtons.Setup.Cooldown.OnColorExampleMouseOver" />
						<EventHandler event="OnMouseOverEnd" function="TexturedButtons.Setup.Cooldown.OnColorExampleMouseOut" />
						<EventHandler event="OnLButtonUp" function="TexturedButtons.Setup.Cooldown.OnCooldownColorLUp" />
					</EventHandlers>						
				</Window>
				
				<Label name="$parentCooldownAnimationAlpha" font="font_clear_small" textalign="left">
					<Size>
						<AbsPoint x="80" y="20" />
					</Size>
					<Anchors>
						<Anchor point="right" relativePoint="left" relativeTo="$parentCooldownAnimationColor">
							<AbsPoint x="40" y="0" />
						</Anchor>
					</Anchors>
				</Label>
				
				<SliderBar name="$parentCooldownAnimationAlphaSlider" inherits="EA_Default_SliderBar">
					<Size>
						<AbsPoint x="160" y="35" />
					</Size>
					<Anchors>
						<Anchor point="bottomleft" relativePoint="topleft" relativeTo="$parentCooldownAnimationAlpha">
							<AbsPoint x="20" y="10" />
						</Anchor>
					</Anchors>
					<EventHandlers>
						<EventHandler event="OnSlide" function="TexturedButtons.Setup.Cooldown.OnSlideCooldownAlpha" />
					</EventHandlers>
				</SliderBar>
				
				<Label name="$parentCooldownAnimationAlphaSliderValue" font="font_clear_small" textalign="left">
					<Size>
						<AbsPoint x="100" y="20" />
					</Size>
					<Anchors>
						<Anchor point="right" relativePoint="left" relativeTo="$parentCooldownAnimationAlphaSlider">
							<AbsPoint x="10" y="0" />
						</Anchor>
					</Anchors>
				</Label>
				
				<Window name="$parentRemoveCooldownS" inherits="EA_LabelCheckButton">
					<Size>
						<AbsPoint x="25" y="25" />
					</Size>
					<Anchors>
						<Anchor point="bottomleft" relativePoint="topleft" relativeTo="$parentCooldownAnimationColorExample">
							<AbsPoint x="-30" y="25"/>
						</Anchor>
					</Anchors>
					<EventHandlers>
						<EventHandler event="OnLButtonUp" function="TexturedButtons.Setup.Cooldown.OnRemoveCooldownSLUp" />
					</EventHandlers>
    			</Window>
				
				<Label name="$parentRemoveCooldownSCheckboxLabel" font="font_clear_small" textalign="left">
					<Size>
						<AbsPoint x="400" y="20" />
					</Size>
					<Anchors>
						<Anchor point="right" relativePoint="left" relativeTo="$parentRemoveCooldownS">
							<AbsPoint x="10" y="0" />
						</Anchor>
					</Anchors>
				</Label>
				
				<Window name="$parentShowGlobalCooldownText" inherits="EA_LabelCheckButton">
					<Size>
						<AbsPoint x="25" y="25" />
					</Size>
					<Anchors>
						<Anchor point="bottomleft" relativePoint="topleft" relativeTo="$parentRemoveCooldownS">
							<AbsPoint x="0" y="10"/>
						</Anchor>
					</Anchors>
					<EventHandlers>
						<EventHandler event="OnLButtonUp" function="TexturedButtons.Setup.Cooldown.OnShowGlobalCooldownTextLUp" />
					</EventHandlers>
    			</Window>
				
				<Label name="$parentShowGlobalCooldownTextCheckboxLabel" font="font_clear_small" textalign="left">
					<Size>
						<AbsPoint x="300" y="20" />
					</Size>
					<Anchors>
						<Anchor point="right" relativePoint="left" relativeTo="$parentShowGlobalCooldownText">
							<AbsPoint x="10" y="0" />
						</Anchor>
					</Anchors>
				</Label>
				
				<Window name="$parentEnableButtonTinting" inherits="EA_LabelCheckButton">
					<Size>
						<AbsPoint x="25" y="25" />
					</Size>
					<Anchors>
						<Anchor point="bottomleft" relativePoint="topleft" relativeTo="$parentShowGlobalCooldownText">
							<AbsPoint x="0" y="10"/>
						</Anchor>
					</Anchors>
					<EventHandlers>
						<EventHandler event="OnLButtonUp" function="TexturedButtons.Setup.Cooldown.OnEnableButtonTintingLUp" />
					</EventHandlers>
    			</Window>
				
				<Label name="$parentEnableButtonTintingCheckboxLabel" font="font_clear_small" textalign="left">
					<Size>
						<AbsPoint x="300" y="20" />
					</Size>
					<Anchors>
						<Anchor point="right" relativePoint="left" relativeTo="$parentEnableButtonTinting">
							<AbsPoint x="10" y="0" />
						</Anchor>
					</Anchors>
				</Label>			
				
			</Windows>
		</Window>
		
	</Windows>
</Interface>