<Interface xmlns:xsi="http://wutf-8.org/2001/XMLSchema-instance" xsi:noNamespaceSchemaLocation="../../Interface.xsd">
	<Windows>
		
		<Window name="TexturedButtonsSetupActionbarWindow" inherits="EA_Window_Default" movable="false" layer="popup" savesettings="false" scale="1.0">
			<EventHandlers>
				<EventHandler event="OnHidden" function="TexturedButtons.Setup.Actionbar.OnHidden" />
			</EventHandlers>
			<Size>
				<AbsPoint x="580" y="520" />
			</Size>
			<Anchors>
				<Anchor point="center" relativePoint="center" relativeTo="Root">
					<AbsPoint x="0" y="0" />
 				</Anchor>
			</Anchors>
			<Windows>
			
                <Button name="$parentClose" inherits="EA_Button_DefaultWindowClose">
					<Anchors>
						<Anchor point="topright" relativePoint="center" relativeTo="$parent">
							<AbsPoint x="-15" y="15" />
						</Anchor>
					</Anchors>
                    <EventHandlers>
						<EventHandler event="OnLButtonUp" function="TexturedButtons.Setup.Actionbar.OnCloseLUp" />
                    </EventHandlers>
                </Button>
			
				<Window name="$parentBackground" inherits="EA_Window_DefaultBackgroundFrame" handleinput="true">
					<Anchors>
           				<Anchor point="topleft" relativePoint="topleft" relativeTo="$parent" />
           				<Anchor point="bottomright" relativePoint="bottomright" relativeTo="$parent"/>
       				</Anchors>
				</Window>
				
				<Label name="$parentTitleLabel" font="font_default_text" textalign="left" maxchars="35">
					<Size>
						<AbsPoint x="480" y="40" />
					</Size>
					<Anchors>
						<Anchor point="topleft" relativePoint="topleft" relativeTo="$parent">
							<AbsPoint x="20" y="20" />
						</Anchor>
					</Anchors>
				</Label>
				
				<Window name="$parentEnable" inherits="EA_LabelCheckButton">
					<Size>
						<AbsPoint x="25" y="25" />
					</Size>
					<Anchors>
						<Anchor point="bottomleft" relativePoint="topleft" relativeTo="$parentTitleLabel">
							<AbsPoint x="10" y="0"/>
						</Anchor>
					</Anchors>
					<EventHandlers>
						<EventHandler event="OnLButtonUp" function="TexturedButtons.Setup.Actionbar.OnEnableLUp" />
					</EventHandlers>
    			</Window>
				
				<Label name="$parentEnableCheckboxLabel" font="font_clear_small" textalign="left" maxchars="200">
					<Size>
						<AbsPoint x="300" y="20" />
					</Size>
					<Anchors>
						<Anchor point="right" relativePoint="left" relativeTo="$parentEnable">
							<AbsPoint x="10" y="0" />
						</Anchor>
					</Anchors>
				</Label>
				
				<Label name="$parentActionbarLabel" font="font_clear_small_bold" textalign="left" maxchars="200">
					<Size>
						<AbsPoint x="300" y="20" />
					</Size>
					<Anchors>
						<Anchor point="bottomleft" relativePoint="topleft" relativeTo="$parentEnable">
							<AbsPoint x="0" y="20"/>
						</Anchor>
					</Anchors>
				</Label>
				
				<ComboBox name="$parentBarComboBox" inherits="EA_ComboBox_DefaultResizable">
					<Anchors>
						<Anchor point="bottomleft" relativePoint="topleft" relativeTo="$parentActionbarLabel">
							<AbsPoint x="10" y="10"/>
						</Anchor>
					</Anchors>
					<EventHandlers>
						<EventHandler event="OnSelChanged" function="TexturedButtons.Setup.Actionbar.OnBarChanged" />
					</EventHandlers>
				</ComboBox>
				
				<Label name="$parentSelectorLabel" font="font_clear_small" textalign="left" maxchars="200">
					<Size>
						<AbsPoint x="300" y="20" />
					</Size>
					<Anchors>
						<Anchor point="bottomleft" relativePoint="topleft" relativeTo="$parentBarComboBox">
							<AbsPoint x="10" y="20" />
						</Anchor>
					</Anchors>
				</Label>
				
				<ComboBox name="$parentSelectorComboBox" inherits="EA_ComboBox_DefaultResizableSmall">
					<Anchors>
						<Anchor point="bottomleft" relativePoint="topleft" relativeTo="$parentSelectorLabel">
							<AbsPoint x="0" y="0"/>
						</Anchor>
					</Anchors>
					<EventHandlers>
						<EventHandler event="OnSelChanged" function="TexturedButtons.Setup.Actionbar.OnSelectorChanged" />
					</EventHandlers>
				</ComboBox>
				
				<Window name="$parentHideBackground" inherits="EA_LabelCheckButton">
					<Size>
						<AbsPoint x="25" y="25" />
					</Size>
					<Anchors>
						<Anchor point="bottomleft" relativePoint="topleft" relativeTo="$parentSelectorComboBox">
							<AbsPoint x="0" y="20"/>
						</Anchor>
					</Anchors>
					<EventHandlers>
						<EventHandler event="OnLButtonUp" function="TexturedButtons.Setup.Actionbar.OnHideBackgroundLUp" />
					</EventHandlers>
    			</Window>
				
				<Label name="$parentHideBackgroundCheckboxLabel" font="font_clear_small" textalign="left" maxchars="200">
					<Size>
						<AbsPoint x="300" y="20" />
					</Size>
					<Anchors>
						<Anchor point="right" relativePoint="left" relativeTo="$parentHideBackground">
							<AbsPoint x="10" y="0" />
						</Anchor>
					</Anchors>
				</Label>
				
				<Window name="$parentHideEmpty" inherits="EA_LabelCheckButton">
					<Size>
						<AbsPoint x="25" y="25" />
					</Size>
					<Anchors>
						<Anchor point="bottomleft" relativePoint="topleft" relativeTo="$parentHideBackground">
							<AbsPoint x="0" y="10"/>
						</Anchor>
					</Anchors>
					<EventHandlers>
						<EventHandler event="OnLButtonUp" function="TexturedButtons.Setup.Actionbar.OnHideEmptyLUp" />
					</EventHandlers>
    			</Window>
				
				<Label name="$parentHideEmptyCheckboxLabel" font="font_clear_small" textalign="left" maxchars="200">
					<Size>
						<AbsPoint x="300" y="20" />
					</Size>
					<Anchors>
						<Anchor point="right" relativePoint="left" relativeTo="$parentHideEmpty">
							<AbsPoint x="10" y="0" />
						</Anchor>
					</Anchors>
				</Label>
				
				<Label name="$parentPaddingLabel" font="font_clear_small" textalign="left">
					<Size>
						<AbsPoint x="300" y="20" />
					</Size>
					<Anchors>
						<Anchor point="bottomleft" relativePoint="topleft" relativeTo="$parentHideEmpty">
							<AbsPoint x="0" y="20" />
						</Anchor>
					</Anchors>
				</Label>
				
				<Label name="$parentPaddingXLabel" font="font_clear_small" textalign="left">
					<Size>
						<AbsPoint x="20" y="20" />
					</Size>
					<Anchors>
						<Anchor point="bottomleft" relativePoint="topleft" relativeTo="$parentPaddingLabel">
							<AbsPoint x="20" y="20" />
						</Anchor>
					</Anchors>
				</Label>
				
				<EditBox name="$parentPaddingXEditBox" inherits="EA_EditBox_DefaultFrame" input="numbers" maxchars="3">
					<Size>
						<AbsPoint x="60" y="32"/>
					</Size>
					<Anchors>
						<Anchor point="right" relativePoint="left" relativeTo="$parentPaddingXLabel">
							<AbsPoint x="10" y="0"/>
						</Anchor>
					</Anchors>
					<EventHandlers>
						<EventHandler event="OnTextChanged" function="TexturedButtons.Setup.Actionbar.OnPaddingXChanged" />
					</EventHandlers>
				</EditBox>
				
				<Label name="$parentPaddingYLabel" font="font_clear_small" textalign="left">
					<Size>
						<AbsPoint x="20" y="20" />
					</Size>
					<Anchors>
						<Anchor point="right" relativePoint="left" relativeTo="$parentPaddingXEditBox">
							<AbsPoint x="30" y="0" />
						</Anchor>
					</Anchors>
				</Label>
				
				<EditBox name="$parentPaddingYEditBox" inherits="EA_EditBox_DefaultFrame" input="numbers" maxchars="3">
					<Size>
						<AbsPoint x="60" y="32"/>
					</Size>
					<Anchors>
						<Anchor point="right" relativePoint="left" relativeTo="$parentPaddingYLabel">
							<AbsPoint x="10" y="0"/>
						</Anchor>
					</Anchors>
					<EventHandlers>
						<EventHandler event="OnTextChanged" function="TexturedButtons.Setup.Actionbar.OnPaddingYChanged" />
					</EventHandlers>
				</EditBox>
				
				<Label name="$parentSpacingLabel" font="font_clear_small" textalign="left">
					<Size>
						<AbsPoint x="300" y="20" />
					</Size>
					<Anchors>
						<Anchor point="bottomleft" relativePoint="topleft" relativeTo="$parentPaddingXLabel">
							<AbsPoint x="-20" y="20" />
						</Anchor>
					</Anchors>
				</Label>
				
				<Label name="$parentSpacingXLabel" font="font_clear_small" textalign="left">
					<Size>
						<AbsPoint x="20" y="20" />
					</Size>
					<Anchors>
						<Anchor point="bottomleft" relativePoint="topleft" relativeTo="$parentSpacingLabel">
							<AbsPoint x="20" y="20" />
						</Anchor>
					</Anchors>
				</Label>
				
				<EditBox name="$parentSpacingXEditBox" inherits="EA_EditBox_DefaultFrame" input="numbers" maxchars="3">
					<Size>
						<AbsPoint x="60" y="32"/>
					</Size>
					<Anchors>
						<Anchor point="right" relativePoint="left" relativeTo="$parentSpacingXLabel">
							<AbsPoint x="10" y="0"/>
						</Anchor>
					</Anchors>
					<EventHandlers>
						<EventHandler event="OnTextChanged" function="TexturedButtons.Setup.Actionbar.OnSpacingXChanged" />
					</EventHandlers>
				</EditBox>
				
				<Label name="$parentSpacingYLabel" font="font_clear_small" textalign="left">
					<Size>
						<AbsPoint x="20" y="20" />
					</Size>
					<Anchors>
						<Anchor point="right" relativePoint="left" relativeTo="$parentSpacingXEditBox">
							<AbsPoint x="30" y="0" />
						</Anchor>
					</Anchors>
				</Label>
				
				<EditBox name="$parentSpacingYEditBox" inherits="EA_EditBox_DefaultFrame" input="numbers" maxchars="3">
					<Size>
						<AbsPoint x="60" y="32"/>
					</Size>
					<Anchors>
						<Anchor point="right" relativePoint="left" relativeTo="$parentSpacingYLabel">
							<AbsPoint x="10" y="0"/>
						</Anchor>
					</Anchors>
					<EventHandlers>
						<EventHandler event="OnTextChanged" function="TexturedButtons.Setup.Actionbar.OnSpacingYChanged" />
					</EventHandlers>
				</EditBox>
				
				
			</Windows>
		</Window>
		
	</Windows>
</Interface>