<?xml version="1.0" encoding="UTF-8"?>
<Interface xmlns:xsi="http://www.w3.org/2001/XMLSchema-instance" xsi:noNamespaceSchemaLocation="../../Interface.xsd">

	<Windows>
	
		<Window name="EnemyConfigurationWindow_TitleTemplate">
			<Size>
				<AbsPoint x="720" y="30" />
			</Size>
			<Windows>
				<Label name="$parentLabel" font="font_default_text_large">
					<Size>
						<AbsPoint x="720" y="30" />
					</Size>
					<Anchors>
						<Anchor point="topleft" relativePoint="topleft" relativeTo="$parent">
							<AbsPoint x="0" y="0" />
						</Anchor>
					</Anchors>
					<EventHandlers>
                        <EventHandler event="OnMouseOver" function="Enemy.ConfigurationWindow_ShowTooltip" />
                    </EventHandlers>
					<Color r="255" g="204" b="102" />
				</Label>
			</Windows>
		</Window>
	
	
		<Window name="EnemyConfigurationWindow_PropertyNumberTemplate">
			<Size>
				<AbsPoint x="720" y="30" />
			</Size>
			<Windows>
				<Label name="$parentLabel" font="font_chat_text">
					<Size>
						<AbsPoint x="200" y="30" />
					</Size>
					<Anchors>
						<Anchor point="topleft" relativePoint="topleft" relativeTo="$parent">
							<AbsPoint x="0" y="0" />
						</Anchor>
					</Anchors>
					<EventHandlers>
                        <EventHandler event="OnMouseOver" function="Enemy.ConfigurationWindow_ShowTooltip" />
                    </EventHandlers>
				</Label>
				<EditBox name="$parentValue" inherits="EA_EditBox_DefaultFrame" maxchars="10">
					<Size>
						<AbsPoint x="100" y="30" />
					</Size>
					<Anchors>
						<Anchor point="right" relativePoint="left" relativeTo="$parentLabel">
							<AbsPoint x="0" y="-5" />
						</Anchor>
					</Anchors>
					<EventHandlers>
                        <EventHandler event="OnTextChanged" function="Enemy.ConfigurationWindow_OnChange" />
                        <EventHandler event="OnMouseOver" function="Enemy.ConfigurationWindow_ShowTooltip" />
                    </EventHandlers>
				</EditBox>
			</Windows>
		</Window>
		
		
		<Window name="EnemyConfigurationWindow_PropertyNumberArray2Template">
			<Size>
				<AbsPoint x="720" y="30" />
			</Size>
			<Windows>
				<Label name="$parentLabel" font="font_chat_text">
					<Size>
						<AbsPoint x="200" y="30" />
					</Size>
					<Anchors>
						<Anchor point="topleft" relativePoint="topleft" relativeTo="$parent">
							<AbsPoint x="0" y="0" />
						</Anchor>
					</Anchors>
					<EventHandlers>
                        <EventHandler event="OnMouseOver" function="Enemy.ConfigurationWindow_ShowTooltip" />
                    </EventHandlers>
				</Label>
				<EditBox name="$parentValue1" inherits="EA_EditBox_DefaultFrame" maxchars="10">
					<Size>
						<AbsPoint x="100" y="30" />
					</Size>
					<Anchors>
						<Anchor point="right" relativePoint="left" relativeTo="$parentLabel">
							<AbsPoint x="0" y="-5" />
						</Anchor>
					</Anchors>
					<EventHandlers>
                        <EventHandler event="OnTextChanged" function="Enemy.ConfigurationWindow_OnChange" />
                        <EventHandler event="OnMouseOver" function="Enemy.ConfigurationWindow_ShowTooltip" />
                    </EventHandlers>
				</EditBox>
				<EditBox name="$parentValue2" inherits="EA_EditBox_DefaultFrame" maxchars="10">
					<Size>
						<AbsPoint x="100" y="30" />
					</Size>
					<Anchors>
						<Anchor point="right" relativePoint="left" relativeTo="$parentValue1">
							<AbsPoint x="10" y="0" />
						</Anchor>
					</Anchors>
					<EventHandlers>
                        <EventHandler event="OnTextChanged" function="Enemy.ConfigurationWindow_OnChange" />
                        <EventHandler event="OnMouseOver" function="Enemy.ConfigurationWindow_ShowTooltip" />
                    </EventHandlers>
				</EditBox>
			</Windows>
		</Window>
		
		
		<Window name="EnemyConfigurationWindow_PropertyNumberArray3Template">
			<Size>
				<AbsPoint x="720" y="30" />
			</Size>
			<Windows>
				<Label name="$parentLabel" font="font_chat_text">
					<Size>
						<AbsPoint x="200" y="30" />
					</Size>
					<Anchors>
						<Anchor point="topleft" relativePoint="topleft" relativeTo="$parent">
							<AbsPoint x="0" y="0" />
						</Anchor>
					</Anchors>
					<EventHandlers>
                        <EventHandler event="OnMouseOver" function="Enemy.ConfigurationWindow_ShowTooltip" />
                    </EventHandlers>
				</Label>
				<EditBox name="$parentValue1" inherits="EA_EditBox_DefaultFrame" maxchars="10">
					<Size>
						<AbsPoint x="100" y="30" />
					</Size>
					<Anchors>
						<Anchor point="right" relativePoint="left" relativeTo="$parentLabel">
							<AbsPoint x="0" y="-5" />
						</Anchor>
					</Anchors>
					<EventHandlers>
                        <EventHandler event="OnTextChanged" function="Enemy.ConfigurationWindow_OnChange" />
                        <EventHandler event="OnMouseOver" function="Enemy.ConfigurationWindow_ShowTooltip" />
                    </EventHandlers>
				</EditBox>
				<EditBox name="$parentValue2" inherits="EA_EditBox_DefaultFrame" maxchars="10">
					<Size>
						<AbsPoint x="100" y="30" />
					</Size>
					<Anchors>
						<Anchor point="right" relativePoint="left" relativeTo="$parentValue1">
							<AbsPoint x="10" y="0" />
						</Anchor>
					</Anchors>
					<EventHandlers>
                        <EventHandler event="OnTextChanged" function="Enemy.ConfigurationWindow_OnChange" />
                        <EventHandler event="OnMouseOver" function="Enemy.ConfigurationWindow_ShowTooltip" />
                    </EventHandlers>
				</EditBox>
				<EditBox name="$parentValue3" inherits="EA_EditBox_DefaultFrame" maxchars="10">
					<Size>
						<AbsPoint x="100" y="30" />
					</Size>
					<Anchors>
						<Anchor point="right" relativePoint="left" relativeTo="$parentValue2">
							<AbsPoint x="10" y="0" />
						</Anchor>
					</Anchors>
					<EventHandlers>
                        <EventHandler event="OnTextChanged" function="Enemy.ConfigurationWindow_OnChange" />
                        <EventHandler event="OnMouseOver" function="Enemy.ConfigurationWindow_ShowTooltip" />
                    </EventHandlers>
				</EditBox>
			</Windows>
		</Window>
		
		
		<Window name="EnemyConfigurationWindow_PropertyStringTemplate">
			<Size>
				<AbsPoint x="720" y="30" />
			</Size>
			<Windows>
				<Label name="$parentLabel" font="font_chat_text">
					<Size>
						<AbsPoint x="200" y="30" />
					</Size>
					<Anchors>
						<Anchor point="topleft" relativePoint="topleft" relativeTo="$parent">
							<AbsPoint x="0" y="0" />
						</Anchor>
					</Anchors>
					<EventHandlers>
                        <EventHandler event="OnMouseOver" function="Enemy.ConfigurationWindow_ShowTooltip" />
                    </EventHandlers>
				</Label>
				<EditBox name="$parentValue" inherits="EA_EditBox_DefaultFrame" maxchars="2000">
					<Size>
						<AbsPoint x="300" y="30" />
					</Size>
					<Anchors>
						<Anchor point="right" relativePoint="left" relativeTo="$parentLabel">
							<AbsPoint x="0" y="-5" />
						</Anchor>
					</Anchors>
					<EventHandlers>
                        <EventHandler event="OnTextChanged" function="Enemy.ConfigurationWindow_OnChange" />
                        <EventHandler event="OnMouseOver" function="Enemy.ConfigurationWindow_ShowTooltip" />
                    </EventHandlers>
				</EditBox>
			</Windows>
		</Window>
		
		
		<Window name="EnemyConfigurationWindow_PropertySelectTemplate">
			<Size>
				<AbsPoint x="720" y="30" />
			</Size>
			<Windows>
				<Label name="$parentLabel" font="font_chat_text">
					<Size>
						<AbsPoint x="200" y="30" />
					</Size>
					<Anchors>
						<Anchor point="topleft" relativePoint="topleft" relativeTo="$parent">
							<AbsPoint x="0" y="0" />
						</Anchor>
					</Anchors>
					<EventHandlers>
                        <EventHandler event="OnMouseOver" function="Enemy.ConfigurationWindow_ShowTooltip" />
                    </EventHandlers>
				</Label>
				<ComboBox name="$parentValue" inherits="EA_ComboBox_DefaultResizableLarge">
					<Anchors>
						<Anchor point="right" relativePoint="left" relativeTo="$parentLabel">
							<AbsPoint x="0" y="-5" />
						</Anchor>
					</Anchors>
					<EventHandlers>
                        <EventHandler event="OnSelChanged" function="Enemy.ConfigurationWindow_OnChange" />
                        <EventHandler event="OnMouseOver" function="Enemy.ConfigurationWindow_ShowTooltip" />
                    </EventHandlers>
				</ComboBox>
			</Windows>
		</Window>
		
		
		<Window name="EnemyConfigurationWindow_PropertySelectLargeTemplate">
			<Size>
				<AbsPoint x="720" y="30" />
			</Size>
			<Windows>
				<Label name="$parentLabel" font="font_chat_text">
					<Size>
						<AbsPoint x="200" y="30" />
					</Size>
					<Anchors>
						<Anchor point="topleft" relativePoint="topleft" relativeTo="$parent">
							<AbsPoint x="0" y="0" />
						</Anchor>
					</Anchors>
					<EventHandlers>
                        <EventHandler event="OnMouseOver" function="Enemy.ConfigurationWindow_ShowTooltip" />
                    </EventHandlers>
				</Label>
				<ComboBox name="$parentValue" inherits="EA_ComboBox_DefaultResizableLarge">
					<Anchors>
						<Anchor point="right" relativePoint="left" relativeTo="$parentLabel">
							<AbsPoint x="0" y="-5" />
						</Anchor>
					</Anchors>
					<EventHandlers>
                        <EventHandler event="OnSelChanged" function="Enemy.ConfigurationWindow_OnChange" />
                        <EventHandler event="OnMouseOver" function="Enemy.ConfigurationWindow_ShowTooltip" />
                    </EventHandlers>
				</ComboBox>
			</Windows>
		</Window>
		
		
		<Window name="EnemyConfigurationWindow_PropertyBoolTemplate">
			<Size>
				<AbsPoint x="720" y="30" />
			</Size>
			<Windows>
				<Button name="$parentValue" inherits="EA_Button_DefaultCheckBox" handleinput="false">
					<Anchors>
						<Anchor point="topleft" relativePoint="topleft" relativeTo="$parent">
							<AbsPoint x="0" y="0" />
						</Anchor>
					</Anchors>
				</Button>
				<Label name="$parentLabel" font="font_chat_text" handleinput="false">
					<Size>
						<AbsPoint x="600" y="30" />
					</Size>
					<Anchors>
						<Anchor point="right" relativePoint="left" relativeTo="$parentValue">
							<AbsPoint x="10" y="5" />
						</Anchor>
					</Anchors>
				</Label>
			</Windows>
			<EventHandlers>
				<EventHandler event="OnLButtonUp" function="Enemy.ConfigurationWindow_OnBoolClick" />
				<EventHandler event="OnMouseOver" function="Enemy.ConfigurationWindow_ShowTooltip" />
			</EventHandlers>
		</Window>
		
		
		<Window name="EnemyConfigurationWindow_PropertyColorTemplate">
			<Size>
				<AbsPoint x="720" y="30" />
			</Size>
			<Windows>
				<Label name="$parentLabel" font="font_chat_text">
					<Size>
						<AbsPoint x="200" y="30" />
					</Size>
					<Anchors>
						<Anchor point="topleft" relativePoint="topleft" relativeTo="$parent">
							<AbsPoint x="0" y="0" />
						</Anchor>
					</Anchors>
					<EventHandlers>
						<EventHandler event="OnMouseOver" function="Enemy.ConfigurationWindow_ShowTooltip" />
					</EventHandlers>
				</Label>
				<EditBox name="$parentValue1" inherits="EA_EditBox_DefaultFrame" maxchars="10">
					<Size>
						<AbsPoint x="100" y="30" />
					</Size>
					<Anchors>
						<Anchor point="right" relativePoint="left" relativeTo="$parentLabel">
							<AbsPoint x="0" y="-5" />
						</Anchor>
					</Anchors>
					<EventHandlers>
                        <EventHandler event="OnTextChanged" function="Enemy.ConfigurationWindow_OnChange" />
                        <EventHandler event="OnMouseOver" function="Enemy.ConfigurationWindow_ShowTooltip" />
                    </EventHandlers>
				</EditBox>
				<EditBox name="$parentValue2" inherits="EA_EditBox_DefaultFrame" maxchars="10">
					<Size>
						<AbsPoint x="100" y="30" />
					</Size>
					<Anchors>
						<Anchor point="right" relativePoint="left" relativeTo="$parentValue1">
							<AbsPoint x="10" y="0" />
						</Anchor>
					</Anchors>
					<EventHandlers>
                        <EventHandler event="OnTextChanged" function="Enemy.ConfigurationWindow_OnChange" />
                        <EventHandler event="OnMouseOver" function="Enemy.ConfigurationWindow_ShowTooltip" />
                    </EventHandlers>
				</EditBox>
				<EditBox name="$parentValue3" inherits="EA_EditBox_DefaultFrame" maxchars="10">
					<Size>
						<AbsPoint x="100" y="30" />
					</Size>
					<Anchors>
						<Anchor point="right" relativePoint="left" relativeTo="$parentValue2">
							<AbsPoint x="10" y="0" />
						</Anchor>
					</Anchors>
					<EventHandlers>
                        <EventHandler event="OnTextChanged" function="Enemy.ConfigurationWindow_OnChange" />
                        <EventHandler event="OnMouseOver" function="Enemy.ConfigurationWindow_ShowTooltip" />
                    </EventHandlers>
				</EditBox>
				<FullResizeImage name="$parentExample" inherits="EA_FullResizeImage_TintableSolidBackground">
					<Size>
						<AbsPoint x="50" y="24" />
					</Size>
					<Anchors>
						<Anchor point="right" relativePoint="left" relativeTo="$parentValue3">
							<AbsPoint x="10" y="0" />
						</Anchor>
					</Anchors>
					<EventHandlers>
                        <EventHandler event="OnMouseOver" function="Enemy.ConfigurationWindow_ShowTooltip" />
                    </EventHandlers>
                </FullResizeImage>
			</Windows>
		</Window>
		
		
		<Window name="EnemyConfigurationWindow_ButtonTemplate">
			<Size>
				<AbsPoint x="720" y="39" />
			</Size>
			<Windows>
				<Button name="$parentValue" inherits="EA_Button_DefaultResizeable">
					<Anchors>
						<Anchor point="topleft" relativePoint="topleft" relativeTo="$parent" />
						<Anchor point="bottomright" relativePoint="bottomright" relativeTo="$parent" />
					</Anchors>
					<EventHandlers>
						<EventHandler event="OnMouseOver" function="Enemy.ConfigurationWindow_ShowTooltip" />
						<EventHandler event="OnLButtonUp" function="Enemy.ConfigurationWindow_OnButtonClick" />
					</EventHandlers>
				</Button>
			</Windows>
		</Window>
	
	
		<Window name="EnemyConfigurationWindow_MacroTemplate">
			<Size>
				<AbsPoint x="720" y="39" />
			</Size>
			<Windows>
				<Button name="$parentButton" inherits="DefaultIconButton">
					<Anchors>
						<Anchor point="topleft" relativePoint="topleft" relativeTo="$parent" />
					</Anchors>
		            <EventHandlers>
		                <EventHandler event="OnMouseDrag" function="Enemy.ConfigurationWindow_OnMacroMouseDrag" />
		                <EventHandler event="OnMouseOver" function="Enemy.ConfigurationWindow_ShowTooltip" />
		            </EventHandlers>
		        </Button>
		        <Label name="$parentLabel" font="font_chat_text" handleinput="false" textalign="leftcenter">
					<Size>
						<AbsPoint x="300" y="39" />
					</Size>
					<Anchors>
						<Anchor point="right" relativePoint="left" relativeTo="$parentButton">
							<AbsPoint x="15" y="0" />
						</Anchor>
					</Anchors>
				</Label>
			</Windows>
			<EventHandlers>
                <EventHandler event="OnMouseOver" function="Enemy.ConfigurationWindow_ShowTooltip" />
            </EventHandlers>
		</Window>
		
	
	</Windows>
</Interface>