<?xml version="1.0" encoding="UTF-8"?>
<Interface xmlns:xsi="http://www.w3.org/2001/XMLSchema-instance" xsi:noNamespaceSchemaLocation="../../Interface.xsd">

	<Windows>
	
		<Window name="EnemyUnitFramePartDialog" movable="true" inherits="EA_Window_Default">
			<Size>
				<AbsPoint x="720" y="600" />
			</Size>
			<Anchors>
				<Anchor point="center" relativePoint="center" relativeTo="Root">
					<AbsPoint x="0" y="0" />
				</Anchor>
			</Anchors>
			
			<Windows>
				<!-- Init -->
				<Window name="$parentBackground" inherits="EA_Window_DefaultFrame">
					<Anchors>
						<Anchor point="topleft" relativePoint="topleft">
							<AbsPoint x="0" y="32" />
						</Anchor>
						<Anchor point="bottomright" relativePoint="bottomright" />
					</Anchors>
				</Window>
				
				<Window name="$parentTitleBar" inherits="EA_TitleBar_Default" />
				
				<Button name="$parentClose" inherits="EA_Button_DefaultWindowClose">
					<EventHandlers>
						<EventHandler event="OnLButtonUp" function="Enemy.UnitFramesUI_UnitFramePartDialog_Hide" />
					</EventHandlers>
				</Button>
				
				<!-- Content -->
				<ScrollWindow name="$parentContent" childscrollwindow="$parentScrollChild" scrollbar="$parentScrollbar" lineheight="18" autoHideScrollBar="false">
					<Size>
						<AbsPoint x="712" y="500" />
					</Size>
					<Anchors>
						<Anchor point="bottomleft" relativePoint="topleft" relativeTo="$parentTitleBar">
							<AbsPoint x="0" y="3" />
						</Anchor>
					</Anchors>
					<Windows>
						<VerticalScrollbar name="$parentScrollbar" inherits="EA_ScrollBar_DefaultVerticalChain" layer="popup">
							<Size>
								<AbsPoint x="24" y="500" />
							</Size>
							<Anchors>
								<Anchor point="topright" relativePoint="topright" relativeTo="$parent">
									<AbsPoint x="0" y="0" />
								</Anchor>
							</Anchors>
		                </VerticalScrollbar>
		                
		                <Window name="$parentScrollChild">
		                	<Size>
								<AbsPoint x="670" y="500" />
							</Size>
							<Anchor point="topleft" relativePoint="topleft" relativeTo="$parent">
								<AbsPoint x="0" y="0" />
							</Anchor>
		                    <Windows>
								<!-- Content: name -->
								<Label name="$parentNameLabel" font="font_chat_text">
									<Size>
										<AbsPoint x="200" y="30" />
									</Size>
									<Anchors>
										<Anchor point="topleft" relativePoint="topleft" relativeTo="$parent">
											<AbsPoint x="40" y="30" />
										</Anchor>
									</Anchors>
								</Label>
								<EditBox name="$parentName" inherits="EA_EditBox_DefaultFrame" maxchars="100">
									<Size>
										<AbsPoint x="300" y="30" />
									</Size>
									<Anchors>
										<Anchor point="right" relativePoint="left" relativeTo="$parentNameLabel">
											<AbsPoint x="0" y="-5" />
										</Anchor>
									</Anchors>
								</EditBox>
								
								<Window name="$parentDivider1" inherits="EA_Window_DefaultSeparator">
									<Size>
										<AbsPoint x="710" y="28" />
									</Size>
									<Anchors>
										<Anchor point="bottomleft" relativePoint="topleft" relativeTo="$parentNameLabel">
											<AbsPoint x="-40" y="10" />
										</Anchor>
									</Anchors>
								</Window>
								
								<!-- Content: player type match -->
								<ComboBox name="$parentPlayerTypeMatch" inherits="EA_ComboBox_DefaultResizableSmall">
									<Anchors>
										<Anchor point="bottomleft" relativePoint="topleft" relativeTo="$parentDivider1">
											<AbsPoint x="40" y="15" />
										</Anchor>
									</Anchors>
								</ComboBox>
								<ComboBox name="$parentPlayerType" inherits="EA_ComboBox_DefaultResizable">
									<Anchors>
										<Anchor point="topleft" relativePoint="topleft" relativeTo="$parentPlayerTypeMatch">
											<AbsPoint x="200" y="0" />
										</Anchor>
									</Anchors>
								</ComboBox>
								<Button name="$parentExceptMe" inherits="EA_Button_DefaultCheckBox">
									<Anchors>
										<Anchor point="right" relativePoint="left" relativeTo="$parentPlayerType">
											<AbsPoint x="20" y="0" />
										</Anchor>
									</Anchors>
									<EventHandlers>
										<EventHandler event="OnLButtonUp" function="Enemy.UnitFramesUI_UnitFramePartDialog_OnExceptMeChanged" />
									</EventHandlers>
								</Button>
								<Label name="$parentExceptMeLabel" font="font_chat_text">
									<Size>
										<AbsPoint x="100" y="30" />
									</Size>
									<Anchors>
										<Anchor point="right" relativePoint="left" relativeTo="$parentExceptMe">
											<AbsPoint x="10" y="5" />
										</Anchor>
									</Anchors>
								</Label>
								
								<!-- Content: archetype match -->
								<ComboBox name="$parentArchetypeMatch" inherits="EA_ComboBox_DefaultResizableSmall">
									<Anchors>
										<Anchor point="bottomleft" relativePoint="topleft" relativeTo="$parentPlayerTypeMatch">
											<AbsPoint x="0" y="15" />
										</Anchor>
									</Anchors>
								</ComboBox>
								<Button name="$parentArchetype1" inherits="EA_Button_DefaultCheckBox">
									<Anchors>
										<Anchor point="topleft" relativePoint="topleft" relativeTo="$parentArchetypeMatch">
											<AbsPoint x="200" y="0" />
										</Anchor>
									</Anchors>
									<EventHandlers>
										<EventHandler event="OnLButtonUp" function="Enemy.UnitFramesUI_UnitFramePartDialog_OnArchetype1Changed" />
									</EventHandlers>
								</Button>
								<Label name="$parentArchetype1Label" font="font_chat_text">
									<Size>
										<AbsPoint x="100" y="30" />
									</Size>
									<Anchors>
										<Anchor point="right" relativePoint="left" relativeTo="$parentArchetype1">
											<AbsPoint x="10" y="5" />
										</Anchor>
									</Anchors>
								</Label>
								<Button name="$parentArchetype2" inherits="EA_Button_DefaultCheckBox">
									<Anchors>
										<Anchor point="right" relativePoint="left" relativeTo="$parentArchetype1Label">
											<AbsPoint x="0" y="-5" />
										</Anchor>
									</Anchors>
									<EventHandlers>
										<EventHandler event="OnLButtonUp" function="Enemy.UnitFramesUI_UnitFramePartDialog_OnArchetype2Changed" />
									</EventHandlers>
								</Button>
								<Label name="$parentArchetype2Label" font="font_chat_text">
									<Size>
										<AbsPoint x="100" y="30" />
									</Size>
									<Anchors>
										<Anchor point="right" relativePoint="left" relativeTo="$parentArchetype2">
											<AbsPoint x="10" y="5" />
										</Anchor>
									</Anchors>
								</Label>
								<Button name="$parentArchetype3" inherits="EA_Button_DefaultCheckBox">
									<Anchors>
										<Anchor point="right" relativePoint="left" relativeTo="$parentArchetype2Label">
											<AbsPoint x="0" y="-5" />
										</Anchor>
									</Anchors>
									<EventHandlers>
										<EventHandler event="OnLButtonUp" function="Enemy.UnitFramesUI_UnitFramePartDialog_OnArchetype3Changed" />
									</EventHandlers>
								</Button>
								<Label name="$parentArchetype3Label" font="font_chat_text">
									<Size>
										<AbsPoint x="100" y="30" />
									</Size>
									<Anchors>
										<Anchor point="right" relativePoint="left" relativeTo="$parentArchetype3">
											<AbsPoint x="10" y="5" />
										</Anchor>
									</Anchors>
								</Label>
								
								<Window name="$parentDivider2" inherits="EA_Window_DefaultSeparator">
									<Size>
										<AbsPoint x="710" y="28" />
									</Size>
									<Anchors>
										<Anchor point="bottomleft" relativePoint="topleft" relativeTo="$parentArchetypeMatch">
											<AbsPoint x="-40" y="10" />
										</Anchor>
									</Anchors>
								</Window>
								
								<!-- Content: type -->
								<Label name="$parentTypeLabel" font="font_chat_text">
									<Size>
										<AbsPoint x="200" y="30" />
									</Size>
									<Anchors>
										<Anchor point="bottomleft" relativePoint="topleft" relativeTo="$parentDivider2">
											<AbsPoint x="40" y="15" />
										</Anchor>
									</Anchors>
								</Label>
								<ComboBox name="$parentType" inherits="EA_ComboBox_DefaultResizableLarge">
									<Anchors>
										<Anchor point="topleft" relativePoint="topleft" relativeTo="$parentTypeLabel">
											<AbsPoint x="200" y="-5" />
										</Anchor>
									</Anchors>
									<EventHandlers>
				                        <EventHandler event="OnSelChanged" function="Enemy.UnitFramesUI_UnitFramePartDialog_OnTypeSelChanged" />
				                    </EventHandlers>
								</ComboBox>
								
							</Windows>
						</Window>
					</Windows>
				</ScrollWindow>
				
				<!-- Bottom panel -->
				<Window name="$parentButtonBackground" inherits="EA_Window_DefaultButtonBottomFrame" layer="background">
					<Size>
						<AbsPoint x="0" y="65" />
					</Size>
				</Window>
				
				<Button name="$parentOkButton" inherits="EA_Button_DefaultResizeable">
					<Anchors>
						<Anchor point="bottom" relativePoint="bottom">
							<AbsPoint x="-70" y="-10" />
						</Anchor>
					</Anchors>
					<EventHandlers>
						<EventHandler event="OnLButtonUp" function="Enemy.UnitFramesUI_UnitFramePartDialog_Ok" />
					</EventHandlers>
				</Button>
				<Button name="$parentCancelButton" inherits="EA_Button_DefaultResizeable">
					<Anchors>
						<Anchor point="bottom" relativePoint="bottom">
							<AbsPoint x="70" y="-10" />
						</Anchor>
					</Anchors>
					<EventHandlers>
						<EventHandler event="OnLButtonUp" function="Enemy.UnitFramesUI_UnitFramePartDialog_Hide" />
					</EventHandlers>
				</Button>
			</Windows>
			
			<EventHandlers>
				<EventHandler event="OnShown" function="WindowUtils.OnShown" />
				<EventHandler event="OnHidden" function="WindowUtils.OnHidden" />
				<EventHandler event="OnKeyEscape" function="Enemy.UnitFramesUI_UnitFramePartDialog_Hide" />
			</EventHandlers>
		</Window>
	</Windows>
</Interface>