<Interface xmlns:xsi="http://www.w3.org/2001/XMLSchema-instance" xsi:noNamespaceSchemaLocation="../../Interface.xsd">
  <Scripts>
    <Script file="Source/SocialWindowTabIgnore.lua"/>
  </Scripts>
  <Windows>
      <!-- Templates -->
      <Label name="SocialWindowTabFriendsHeaderTemplate" font="font_default_sub_heading" maxchars="32" textalign="rightcenter" >
          <Size>
              <AbsPoint x="125" y="24"/>
          </Size>
          <Color r="255" g="204" b="102" a="255"/>
      </Label>
      

      <Button name="IgnoresSortButtonTemplate" inherits="EA_Button_ListSort" textalign="center" textAutoFitMinScale="1.0" >
          <EventHandlers>
              <EventHandler event="OnLButtonUp" function="SocialWindowTabIgnore.OnSortPlayerList" />
              <EventHandler event="OnMouseOver" function="SocialWindowTabIgnore.OnMouseOverSortButton" />
          </EventHandlers>
      </Button>
      
      <!-- Single Row Definition -->
      <Button name="EA_Button_IgnoreRowTemplate" inherits="EA_Button_SocialWindowRowTemplate" >
          <EventHandlers>
              <EventHandler event="OnMouseOver" function="SocialWindowTabIgnore.OnMouseOverPlayerRow" />
              <EventHandler event="OnMouseOverEnd" function="SocialWindowTabIgnore.OnMouseOverPlayerRowEnd" />
              <EventHandler event="OnLButtonUp" function="SocialWindowTabIgnore.OnLButtonUpPlayerRow" />
          </EventHandlers>        
      </Button>
      
      <!-- End of Single Row Definition-->
    <!--*******************************************************************-->
    <!--                      Whole Window Definition                      -->
    <!--*******************************************************************-->
    <Window name="SocialWindowTabIgnoreSocket" movable="false" layer="secondary">
      <Anchors>
        <Anchor point="topleft" relativePoint="topleft" relativeTo="SocialWindowSocket">
          <AbsPoint x="0" y="0"/>
        </Anchor>
        <Anchor point="bottomright" relativePoint="bottomright" relativeTo="SocialWindowSocket">
          <AbsPoint x="0" y="0"/>
        </Anchor>
      </Anchors>
      <EventHandlers>
        <EventHandler event="OnInitialize" function="SocialWindowTabIgnore.Initialize"/>
        <EventHandler event="OnShutdown" function="SocialWindowTabIgnore.Shutdown"/>
      </EventHandlers>
      <Windows>

          <!-- Top Half -->
          <Window name="$parentTopHalf" layer="background" handleinput="false">
              <Anchors>
                  <Anchor point="topleft" relativePoint="topleft" relativeTo="$parent">
                      <AbsPoint x="0" y="0" />
                  </Anchor>
                  <Anchor point="right" relativePoint="bottomright" relativeTo="$parent">
                      <AbsPoint x="0" y="32" />
                  </Anchor>
              </Anchors>
          </Window>

          <!-- Top Half Border-->
          <FullResizeImage name="$parentTopHalfBorder" inherits="EA_FullResizeImage_DefaultFrame">
              <Anchors>
                  <Anchor point="topleft" relativePoint="topleft" relativeTo="$parent">
                      <AbsPoint x="15" y="15" />
                  </Anchor>
                  <Anchor point="right" relativePoint="bottomright" relativeTo="$parentTopHalf">
                      <AbsPoint x="-15" y="-15" />
                  </Anchor>
              </Anchors>
          </FullResizeImage>

          <!-- Options Background -->
          <FullResizeImage name="$parentSearchBackground" inherits="EA_FullResizeImage_TintableSolidBackground">
              <Anchors>
                  <Anchor point="topleft" relativePoint="topleft" relativeTo="$parent">
                      <AbsPoint x="20" y="20" />
                  </Anchor>
                  <Anchor point="right" relativePoint="bottomright" relativeTo="$parentTopHalf">
                      <AbsPoint x="-20" y="-20" />
                  </Anchor>
              </Anchors>
          </FullResizeImage>
        
          <!-- Social Window Ignore Tab Player Search Label -->
          <Label name="$parentPlayerSearchLabel" inherits="SocialWindowTabFriendsHeaderTemplate">
              <Anchors>
                  <Anchor point="topleft" relativePoint="topleft" relativeTo="$parentSearchBackground">
                      <AbsPoint x="-10" y="8" />
                  </Anchor>
              </Anchors>
          </Label>
          
          <!-- Social Window Player Search Edit Box -->
          <EditBox name="$parentPlayerSearchEditBox" inherits="EA_EditBox_DefaultFrame" maxchars="35" taborder="1">
              <Size>
                  <AbsPoint x="250" y="32"/>
              </Size>
              <Anchors>
                  <Anchor point="topright" relativePoint="topleft" relativeTo="$parentPlayerSearchLabel">
                      <AbsPoint x="16" y="0" />
                  </Anchor>
              </Anchors>
              <EventHandlers>
                  <EventHandler event="OnKeyEnter" function="SocialWindowTabIgnore.AddIgnore" />
              </EventHandlers>
          </EditBox>
          
          <!-- Add Ignore button -->
          <Button name="$parentCommandAddIgnoreButton" inherits="EA_Button_DefaultResizeable">
              <EventHandlers>
                  <EventHandler event="OnLButtonUp" function="SocialWindowTabIgnore.AddIgnore" />
              </EventHandlers>
              <Anchors>
                  <Anchor point="right" relativePoint="left" relativeTo="$parentPlayerSearchEditBox">
                      <AbsPoint x="16" y="4"/>
                  </Anchor>
              </Anchors>
          </Button>
          <!-- Remove Ignore button -->
          <Button name="$parentCommandRemoveIgnoreButton" inherits="EA_Button_DefaultResizeable">
              <EventHandlers>
                  <EventHandler event="OnLButtonUp" function="SocialWindowTabIgnore.RemoveIgnore" />
              </EventHandlers>
              <Anchors>
                  <Anchor point="bottomright" relativePoint="bottomright" relativeTo="$parentSearchBackground">
                      <AbsPoint x="-8" y="-8"/>
                  </Anchor>
              </Anchors>
          </Button>
          <!-- Sort Button Bar -->
          <Window name="$parentSortButtonBar">
              <Size>
                  <AbsPoint x="1380" y="32" />
              </Size>
              <Anchors>
                  <Anchor point="bottomleft" relativePoint="topleft" relativeTo="$parentSearchBackground">
                      <AbsPoint x="-15" y="8"/>
                  </Anchor>
              </Anchors>
              <!-- Sort Buttons-->
              <Windows>

                  <!-- Sort by Player Name Button-->
                  <Button name="$parentNameButton" inherits="IgnoresSortButtonTemplate" id="1" >
                      <Anchors>
                          <Anchor point="topleft" relativePoint="topleft" relativeTo="">
                              <AbsPoint x="0" y="0"/>
                          </Anchor>
                          <Anchor point="topleft" relativePoint="bottomright" relativeTo="">
                              <AbsPoint x="580" y="36"/>
                          </Anchor>
                      </Anchors>
                  </Button>

                  <Button name="$parentRankButton" inherits="IgnoresSortButtonTemplate" id="2" >
                      <Anchors>
                          <Anchor point="topright" relativePoint="topleft" relativeTo="$parentNameButton">
                              <AbsPoint x="0" y="0"/>
                          </Anchor>
                          <Anchor point="bottomright" relativePoint="bottomright" relativeTo="$parentNameButton">
                              <AbsPoint x="110" y="0"/>
                          </Anchor>
                      </Anchors>
                  </Button>

                  <Button name="$parentCareerButton" inherits="IgnoresSortButtonTemplate" id="3" >
                      <Anchors>
                          <Anchor point="topright" relativePoint="topleft" relativeTo="$parentRankButton">
                              <AbsPoint x="0" y="0"/>
                          </Anchor>
                          <Anchor point="bottomright" relativePoint="bottomright" relativeTo="$parentRankButton">
                              <AbsPoint x="415" y="0"/>
                          </Anchor>
                      </Anchors>
                  </Button>

                  <Button name="$parentOnlineButton" inherits="IgnoresSortButtonTemplate" id="4" >
                      <Anchors>
                          <Anchor point="topright" relativePoint="topleft" relativeTo="$parentCareerButton">
                              <AbsPoint x="0" y="0"/>
                          </Anchor>
                          <Anchor point="bottomright" relativePoint="bottomright" relativeTo="$parentCareerButton">
                              <AbsPoint x="290" y="0"/>
                          </Anchor>
                      </Anchors>
                  </Button>

                  <!-- Arrow Image Definitions -->
                  <DynamicImage name="$parentUpArrow" inherits="EA_ListSortUpArrow" />
                  <DynamicImage name="$parentDownArrow" inherits="EA_ListSortDownArrow" />

              </Windows>
              <!-- End of Sort Buttons -->

          </Window>
          <!-- End of Button Bar Header -->
          <!-- List Box -->
          <ListBox name="$parentList" scrollbar="EA_ScrollBar_DefaultVerticalChain" rowdef="EA_Button_IgnoreRowTemplate" visiblerows="18" rowcount="100" rowspacing="0">
              <Anchors>
                  <Anchor point="bottomleft" relativePoint="topleft" relativeTo="$parentSortButtonBar">
                      <AbsPoint x="6" y="4"/>
                  </Anchor>
                  <Anchor point="bottomright" relativePoint="bottomright" relativeTo="">
                      <AbsPoint x="-6" y="-6"/>
                  </Anchor>
              </Anchors>
              <ListData table="SocialWindowTabIgnore.playerListData" populationfunction="SocialWindowTabIgnore.UpdatePlayerRow">
                  <ListColumns>
                      <ListColumn windowname="Name"   variable="name"   format="wstring" />
                      <ListColumn windowname="Rank"   variable="rankString"   format="wstring"  />
                      <ListColumn windowname="Career" variable="career" format="wstring" />
                      <ListColumn windowname="Online" variable="onlineString" format="wstring" />
                  </ListColumns>
              </ListData>
          </ListBox>
        
      </Windows> <!-- End of Whole Window Definition Parts -->
    </Window>    <!-- End of Whole Window Definition  -->
  </Windows>     <!-- End of Guild Window Tab Roster -->
</Interface>
