<Interface xmlns:xsi="http://www.w3.org/2001/XMLSchema-instance" xsi:noNamespaceSchemaLocation="../../Interface.xsd">

	<Assets>
		<Texture name="TetherStock" file="ui/texture/Tether.tga" /> <!-- Tether TetherOpaque TetherSlim -->
		<Texture name="TetherOpaque" file="ui/texture/TetherOpaque.tga" /> <!-- Tether TetherOpaque TetherSlim -->
		<Texture name="TetherSlim" file="ui/texture/TetherSlim.tga" /> <!-- Tether TetherOpaque TetherSlim -->
		<Texture name="CircleBG" file="ui/texture/Circle.tga" />
	</Assets>

	<Scripts>
		<Script file="Tether.lua" />
	</Scripts>
   
      <Windows>

		<!-- Target Anchor: BEGIN --> 
		<Window name="TetherAnchorWindow" layer="overlay" movable="false" popable="false" sticky="false" savesettings="false" handleinput="false">
			
			<Size> <AbsPoint x="40" y="40" /> </Size>
            <Anchors>
                <Anchor point="center" relativePoint="center" relativeTo="Root">
                    <AbsPoint x="0" y="0" />
                </Anchor>
            </Anchors>
		 	<Windows>
			
				<CircleImage name="$parentIcon" texture="" textureScale="0.50" numsegments="16" layer="overlay" popable="false">
					<Size><AbsPoint x="0" y="0" /></Size>
					<Anchors><Anchor point="center" relativePoint="center" relativeTo="$parent"><AbsPoint x="0" y="0" /></Anchor></Anchors>
					<TexCoords x="40" y="40" />
				</CircleImage>

				<!-- Target Window: BEGIN -->
				<Window name="TetherTargetWindow" layer="overlay" movable="true" popable="false" sticky="false" savesettings="false" handleinput="false">
				 <Size><AbsPoint x="40" y="40" /></Size>
				 <Anchors><Anchor point="center" relativePoint="center" relativeTo="$parent"><AbsPoint x="0" y="0" /></Anchor></Anchors>
					<Windows>					
							<CircleImage name="$parentIcon" texture="" textureScale="0.50" numsegments="16" layer="overlay" popable="false">
							<Size><AbsPoint x="40" y="40" /></Size>
							<Anchors><Anchor point="center" relativePoint="center" relativeTo="$parent"><AbsPoint x="0" y="0" /></Anchor></Anchors>
							<TexCoords x="50" y="50" />
							</CircleImage>
					</Windows>		 
				</Window>
				<!-- Target Window: END -->
					
			</Windows>
		</Window>
        <!-- Target Anchor: END -->

	  
		<!-- Player Anchor: BEGIN -->
		<Window name="TetherSelfWindow" layer="default" movable="true" popable="false" sticky="true" savesettings="true" handleinput="true">
         <Size><AbsPoint x="40" y="40" /></Size>
         <Anchors><Anchor point="center" relativePoint="center" relativeTo="$parent"><AbsPoint x="0" y="150" /></Anchor></Anchors>
		 	<Windows>

					<CircleImage name="$parentIcon" texture="" textureScale="0.50" numsegments="16" layer="overlay" popable="false">
                    <Size><AbsPoint x="40" y="40" /></Size>
                    <Anchors><Anchor point="center" relativePoint="center" relativeTo="$parent"><AbsPoint x="0" y="0" /></Anchor></Anchors>
                    <TexCoords x="50" y="50" />
					</CircleImage>
					
					<DynamicImage name="$parentCircleBG"  texture="CircleBG" layer="background" textureScale="1.11" handleinput="false" >
					<Size><AbsPoint x="55" y="55" /></Size>
					<Anchors><Anchor point="center" relativePoint="center" relativeTo="$parentIcon"><AbsPoint x="0" y="0" /></Anchor></Anchors>
					<TintColor r="0" g="0" b="0" />
					</DynamicImage>
				
					<DynamicImage name="$parentCircle"  texture="CircleBG" layer="overlay" textureScale="1" handleinput="false" >
					<Size><AbsPoint x="50" y="50" /></Size>
					<Anchors><Anchor point="center" relativePoint="center" relativeTo="$parentIcon"><AbsPoint x="0" y="0" /></Anchor></Anchors>
					</DynamicImage>
				
					<Label name="$parentLabel" font="font_clear_medium_bold" autoresize="true" textalign="center" wordwrap="true" layer="overlay" alpha="1" popable="false" handleinput="false">	
					<Size><AbsPoint x="75" y="45" /></Size>
					<Anchors><Anchor point="bottom" relativePoint="center" relativeTo="$parent"><AbsPoint x="0" y="18" /></Anchor></Anchors>
					<Color r="255" g="255" b="255" />
					</Label>	

			</Windows>
		</Window>
        <!-- Player Anchor: END -->

		<!-- Line Template: BEGIN  -->
		<Window name="LineTemplate" layer="background" movable="false" popable="false" sticky="true" alpha="1" handleinput="false">
            <Size><AbsPoint x="3" y="3" /></Size>
            <Anchors><Anchor point="center" relativePoint="center" relativeTo="$parent"><AbsPoint x="0" y="0" /></Anchor></Anchors>
            <Windows>
                <DynamicImage name="$parentLine" texture="TetherStock" layer="background" textureScale="1" handleinput="false" >
                    <Size><AbsPoint x="8" y="60" /></Size>
                    <Anchors><Anchor point="center" relativePoint="center" relativeTo="$parent"><AbsPoint x="0" y="0" /></Anchor></Anchors>
                </DynamicImage>
            </Windows>
		</Window>
		<!-- Line Template: END  -->
		
   </Windows>
</Interface>