<Interface xmlns:xsi="http://www.w3.org/2001/XMLSchema-instance" xsi:noNamespaceSchemaLocation="../../Interface.xsd">

    <Assets>  
        <!-- <Texture name="PetIcon" file="ui/texture/PetIcon.tga" /> -->
    </Assets>

      <Windows>

            <!-- Turret Info: BEGIN --> 
            <Window name="TetherTurretInfo" layer="secondary" movable="true" sticky="false"  savesettings="true" handleinput="true">

                <Size> <AbsPoint x="150" y="40" /> </Size>

                <Anchors>
                    <Anchor point="center" relativePoint="center" relativeTo="Root">
                        <AbsPoint x="0" y="0" />
                    </Anchor>
                </Anchors>

                <Windows>
                    
                    <!-- Turret Icon: BEGIN --> 
					<Label name="$parentIconLabel" textalign="left" font="font_clear_large_bold" layer="secondary" autoresizewidth="true"  autoresizeheight="true" autoresize="true" handleinput="false" skipinput="true" movable="false">
                        <Size><AbsPoint x="40" y="40" /></Size>
                        <Anchors><Anchor point="left" relativePoint="right" relativeTo="$parent"><AbsPoint x="3" y="0" /></Anchor></Anchors>
                    </Label>
                    <!-- Turret Icon: END --> 

                    <!-- Turret Distance Label: BEGIN -->
					<Label name="$parentDistanceLabel" textalign="left" font="font_clear_large_bold" layer="secondary" autoresizewidth="true"  autoresizeheight="true" autoresize="true" handleinput="false" skipinput="true" movable="false">
                        <Size><AbsPoint x="200" y="40" /></Size>
                        <Anchors><Anchor point="left" relativePoint="left" relativeTo="$parent"><AbsPoint x="10" y="0" /></Anchor></Anchors>
                        <EventHandlers>
                            <EventHandler event="OnHyperLinkLButtonUp" function="EA_ChatWindow.OnHyperLinkLButtonUp" />
                            <EventHandler event="OnHyperLinkRButtonUp" function="EA_ChatWindow.OnHyperLinkRButtonUp" />
                        </EventHandlers>
                    </Label>
					
					<Label name="$parentDistanceLabelTint" textalign="left" font="font_clear_large_bold" layer="background" autoresizewidth="true" movable="false" autoresizeheight="true" autoresize="true" handleinput="false" skipinput="true">					
                        <Size><AbsPoint x="200" y="40" /></Size>
                        <Anchors><Anchor point="top" relativePoint="top" relativeTo="$parentDistanceLabel"><AbsPoint x="2" y="2" /></Anchor></Anchors>
                        <Color r="0" g="0" b="0" a="0.8" /> 
					</Label>
                    <!-- Turret Distance Label: END -->

                </Windows>

            </Window>
            <!-- Turret Info: BEGIN --> 

    </Windows>

</Interface>