<?xml version="1.0" encoding="UTF-8"?>
<Interface xmlns:xsi="http://www.w3.org/2001/XMLSchema-instance" xsi:noNamespaceSchemaLocation="../../Interface.xsd">

	<Assets>
		<Texture name="enemy_mark_arrowdown" file="textures\mark_arrow_down.dds" />
	</Assets>

	<Windows>
		<Window name="EnemyMark">
			<Size>
				<AbsPoint x="100" y="200" />
			</Size>
			
			<Windows>
				<Window name="$parentContent">
					<Size>
						<AbsPoint x="100" y="200" />
					</Size>
					
					<Anchors>
						<Anchor point="top" relativePoint="top" relativeTo="$parent" />
					</Anchors>
					
					<Windows>
						<DynamicImage name="$parentBackground" texture="enemy_mark_arrowdown" handleinput="false">
							<TexCoords x="0" y="0" />
							<TexDims x="100" y="200" />
							
							<Anchors>
								<Anchor point="topleft" relativePoint="topleft" relativeTo="$parent" />
								<Anchor point="bottomright" relativePoint="bottomright" relativeTo="$parent" />
							</Anchors>
						</DynamicImage>
						
						<Label name="$parentText" font="font_clear_large_bold" textalign="bottomcenter" warnOnTextCropped="false" handleinput="false">
							<Size>
								<AbsPoint x="200" y="200" />
							</Size>
							<Anchors>
								<Anchor point="bottom" relativePoint="bottom" relativeTo="$parent">
									<AbsPoint x="0" y="-20" />
								</Anchor>
							</Anchors>
						</Label>
						
						<DynamicImage name="$parentIcon" handleinput="false">
							<TexDims x="32" y="32" />
							<Size>
								<AbsPoint x="32" y="32" />
							</Size>
							<Anchors>
								<Anchor point="top" relativePoint="bottom" relativeTo="$parentText">
									<AbsPoint x="0" y="-10" />
								</Anchor>
							</Anchors>
						</DynamicImage>
					</Windows>
					
					<EventHandlers>
						<EventHandler event="OnLButtonDown" function="Enemy.MarkUI_EnemyMark_OnLButtonDown" />
						<EventHandler event="OnRButtonUp" function="Enemy.MarkUI_EnemyMark_OnRButtonUp" />
					</EventHandlers>
				</Window>
			</Windows>
		</Window>



		<Window name="EnemyMarkConfigDialog" movable="true" inherits="EA_Window_Default">
			<Size>
				<AbsPoint x="660" y="720" />
			</Size>
			<Anchors>
				<Anchor point="center" relativePoint="center" relativeTo="Root">
					<AbsPoint x="0" y="0" />
				</Anchor>
			</Anchors>
			
			<Windows>
				<!-- Init -->
				<Window name="$parentBackground" inherits="EA_Window_DefaultFrame">
					<Anchors>
						<Anchor point="topleft" relativePoint="topleft">
							<AbsPoint x="0" y="32" />
						</Anchor>
						<Anchor point="bottomright" relativePoint="bottomright" />
					</Anchors>
				</Window>
				
				<Window name="$parentTitleBar" inherits="EA_TitleBar_Default" />
				
				<Button name="$parentClose" inherits="EA_Button_DefaultWindowClose">
					<EventHandlers>
						<EventHandler event="OnLButtonUp" function="Enemy.MarksUI_MarkConfigDialog_Hide" />
					</EventHandlers>
				</Button>
				
				<!-- Content -->
				<Window name="$parentConfig">
					<Anchors>
						<Anchor point="bottomleft" relativePoint="topleft" relativeTo="$parentTitleBar">
							<AbsPoint x="40" y="30" />
						</Anchor>
					</Anchors>
				</Window>
				
				<Window name="$parentConfig2">
					<Anchors>
						<Anchor point="bottomleft" relativePoint="topleft" relativeTo="$parentConfig">
							<AbsPoint x="0" y="0" />
						</Anchor>
					</Anchors>
				</Window>
				
				<!-- Content: example -->
				<Window name="$parentExample" inherits="EnemyMark" handleinput="false">
					<Size>
						<AbsPoint x="100" y="200" />
					</Size>
					
					<Anchors>
						<Anchor point="right" relativePoint="left" relativeTo="$parent">
							<AbsPoint x="30" y="0" />
						</Anchor>
					</Anchors>
				</Window>

				<!-- Bottom panel -->
				<Window name="$parentButtonBackground" inherits="EA_Window_DefaultButtonBottomFrame" layer="background">
					<Size>
						<AbsPoint x="0" y="65" />
					</Size>
				</Window>
				
				<Button name="$parentOkButton" inherits="EA_Button_DefaultResizeable">
					<Anchors>
						<Anchor point="bottom" relativePoint="bottom">
							<AbsPoint x="-70" y="-10" />
						</Anchor>
					</Anchors>
					<EventHandlers>
						<EventHandler event="OnLButtonUp" function="Enemy.MarksUI_MarkConfigDialog_Ok" />
					</EventHandlers>
				</Button>
				<Button name="$parentCancelButton" inherits="EA_Button_DefaultResizeable">
					<Anchors>
						<Anchor point="bottom" relativePoint="bottom">
							<AbsPoint x="70" y="-10" />
						</Anchor>
					</Anchors>
					<EventHandlers>
						<EventHandler event="OnLButtonUp" function="Enemy.MarksUI_MarkConfigDialog_Hide" />
					</EventHandlers>
				</Button>
			</Windows>
			
			<EventHandlers>
				<EventHandler event="OnShown" function="WindowUtils.OnShown" />
				<EventHandler event="OnHidden" function="WindowUtils.OnHidden" />
				<EventHandler event="OnKeyEscape" function="Enemy.MarksUI_MarkConfigDialog_Hide" />
			</EventHandlers>
		</Window>
	</Windows>
</Interface>