<Interface xmlns:xsi="http://wutf-8.org/2001/XMLSchema-instance" xsi:noNamespaceSchemaLocation="../../Interface.xsd">
	<Windows>
		
		<Button name="BuffHeadSetupEffectCacheSortTemplate" inherits="EA_Button_ListSort" textalign="leftcenter" font="font_chat_text">
			<EventHandlers>
				<EventHandler event="OnLButtonUp" function="BuffHead.Setup.EffectCache.OnSortButtonLUp" />
				<EventHandler event="OnMouseOver" function="BuffHead.Setup.EffectCache.OnSortButtonMouseOver" />
			</EventHandlers>
		</Button>
	
		<Window name="BuffHeadSetupEffectCacheRowTemplate">
			<Size>
				<AbsPoint x="515" y="30" />
			</Size>
			<Windows>
				<FullResizeImage name="$parentBackground" inherits="EA_FullResizeImage_TintableSolidBackground" handleinput="false">
					<Size>
						<AbsPoint x="515" y="30" />
					</Size>
					<Anchors>
						<Anchor>
							<Anchor point="topleft" relativePoint="topleft" relativeTo="" />
							<Anchor point="bottomright" relativePoint="bottomright" relativeTo="" />
						</Anchor>
					</Anchors>
				</FullResizeImage>
				<Label name="$parentId" font="font_chat_text" handleinput="false" textalign="leftcenter" wordwrap="true">
					<Size>
						<AbsPoint x="120" y="30" />
					</Size>
					<Anchors>
						<Anchor>
							<AbsPoint x="5" y="0" />
						</Anchor>
					</Anchors>
				</Label>
				<Label name="$parentName" font="font_chat_text" handleinput="false" textalign="leftcenter" wordwrap="true">
					<Size>
						<AbsPoint x="380" y="30" />
					</Size>
					<Anchors>
						<Anchor point="right" relativePoint="left" relativeTo="$parentId">
							<AbsPoint x="10" y="0"/>
						</Anchor>
					</Anchors>
				</Label>				
			</Windows>
			<EventHandlers>
				<EventHandler event="OnLButtonDown" function="BuffHead.Setup.EffectCache.OnRowLDown" />
				<EventHandler event="OnLButtonUp" function="BuffHead.Setup.EffectCache.OnRowLUp" />
				<EventHandler event="OnRButtonUp" function="BuffHead.Setup.EffectCache.OnRowRUp" />
				<EventHandler event="OnMouseOver" function="BuffHead.Setup.EffectCache.OnRowMouseOver" />
				<EventHandler event="OnMouseOverEnd" function="BuffHead.Setup.EffectCache.OnRowMouseOut" />
			</EventHandlers>
		</Window>

		<Window name="BuffHeadSetupEffectCacheWindow" inherits="EA_Window_Default" movable="true" layer="popup" savesettings="false" scale="1.0">
			<EventHandlers>
				<EventHandler event="OnHidden" function="BuffHead.Setup.EffectCache.OnHidden" />
			</EventHandlers>
			<Size>
				<AbsPoint x="620" y="520" />
			</Size>
			<Anchors>
				<Anchor point="center" relativePoint="center" relativeTo="Root">
					<AbsPoint x="0" y="0" />
 				</Anchor>
			</Anchors>
			<Windows>
			
                <Button name="$parentClose" inherits="EA_Button_DefaultWindowClose">
					<Anchors>
						<Anchor point="topright" relativePoint="center" relativeTo="$parent">
							<AbsPoint x="-15" y="15" />
						</Anchor>
					</Anchors>
                    <EventHandlers>
						<EventHandler event="OnLButtonUp" function="BuffHead.Setup.EffectCache.OnCloseLUp" />
                    </EventHandlers>
                </Button>
			
				<Window name="$parentBackground" inherits="EA_Window_DefaultBackgroundFrame" handleinput="true">
					<Anchors>
           				<Anchor point="topleft" relativePoint="topleft" relativeTo="$parent" />
           				<Anchor point="bottomright" relativePoint="bottomright" relativeTo="$parent"/>
       				</Anchors>
				</Window>
				
				<Label name="$parentTitleLabel" font="font_default_text" textalign="left" maxchars="35">
					<Size>
						<AbsPoint x="480" y="40" />
					</Size>
					<Anchors>
						<Anchor point="topleft" relativePoint="topleft" relativeTo="$parent">
							<AbsPoint x="20" y="20" />
						</Anchor>
					</Anchors>
				</Label>
				
				<Window name="$parentEnableCaching" inherits="EA_LabelCheckButton">
					<Size>
						<AbsPoint x="25" y="25" />
					</Size>
					<Anchors>
						<Anchor point="bottomleft" relativePoint="topleft" relativeTo="$parentTitleLabel">
							<AbsPoint x="10" y="0"/>
						</Anchor>
					</Anchors>
					<EventHandlers>
						<EventHandler event="OnLButtonUp" function="BuffHead.Setup.EffectCache.OnEnableCachingLUp" />
					</EventHandlers>
    			</Window>
				
				<Label name="$parentEnableCachingCheckboxLabel" font="font_clear_small" textalign="left" maxchars="200">
					<Size>
						<AbsPoint x="400" y="20" />
					</Size>
					<Anchors>
						<Anchor point="right" relativePoint="left" relativeTo="$parentEnableCaching">
							<AbsPoint x="10" y="0" />
						</Anchor>
					</Anchors>
				</Label>
				
				<Window name="$parentSortBar">
					<Size>
						<AbsPoint x="540" y="32" />
					</Size>
					<Anchors>
						<Anchor point="bottomleft" relativePoint="topleft" relativeTo="$parentEnableCaching">
							<AbsPoint x="10" y="20" />
						</Anchor>
					</Anchors>
					
					<Windows>
						<Button name="$parentSortByAbilityButton" inherits="BuffHeadSetupEffectCacheSortTemplate" id="1">
							<Size>
								<AbsPoint x="125" y="32" />
							</Size>
							<Anchors>
								<Anchor point="topleft" relativePoint="topleft" relativeTo="$parent">
									<AbsPoint x="0" y="0"/>
								</Anchor>
							</Anchors>
						</Button>
						<Button name="$parentSortByNameButton" inherits="BuffHeadSetupEffectCacheSortTemplate" id="2">
							<Size>
								<AbsPoint x="415" y="32" />
							</Size>
							<Anchors>
								<Anchor point="topright" relativePoint="topleft" relativeTo="$parentSortByAbilityButton">
									<AbsPoint x="0" y="0"/>
								</Anchor>
							</Anchors>
						</Button>
											
						<DynamicImage name="$parentUpArrow" inherits="EA_ListSortUpArrow" />
						<DynamicImage name="$parentDownArrow" inherits="EA_ListSortDownArrow" />
						
					</Windows>
				</Window>
				
				<ListBox name="$parentList" scrollbar="EA_ScrollBar_DefaultVerticalChain" rowdef="BuffHeadSetupEffectCacheRowTemplate" visiblerows="8" rowspacing="0">
					<Size>
						<AbsPoint x="540" y="240" />
					</Size>
					<Anchors>
						<Anchor point="bottomleft" relativePoint="topleft" relativeTo="$parentSortBar">
							<AbsPoint x="0" y="0" />
						</Anchor>
					</Anchors>

					<ListData table="BuffHead.Setup.EffectCache.Entries" populationfunction="BuffHead.Setup.EffectCache.OnPopulate">
						<ListColumns>
							<ListColumn windowname="Id" variable="Id" format="number" />
							<ListColumn windowname="Name" variable="Name" format="wstring" />
						</ListColumns>
					</ListData>
				</ListBox>	
				
				<Label name="$parentSearchLabel" font="font_clear_small" textalign="left">
					<Size>
						<AbsPoint x="60" y="20" />
					</Size>
					<Anchors>
						<Anchor point="bottomleft" relativePoint="topleft" relativeTo="$parentList">
							<AbsPoint x="0" y="30" />
						</Anchor>
					</Anchors>
				</Label>
				
				<EditBox name="$parentSearchEditBox" inherits="EA_EditBox_DefaultFrame" maxchars="30">
					<Size>
						<AbsPoint x="280" y="32"/>
					</Size>
					<Anchors>
						<Anchor point="right" relativePoint="left" relativeTo="$parentSearchLabel">
							<AbsPoint x="10" y="0"/>
						</Anchor>
					</Anchors>
					<EventHandlers>
						<EventHandler event="OnTextChanged" function="BuffHead.Setup.EffectCache.OnSearchChanged" />
					</EventHandlers>
				</EditBox>
				
				<Button name="$parentRefreshButton" inherits="EA_Button_DefaultResizeable">
					<Size>
						<AbsPoint x="200" y="40" />
					</Size>
					<Anchors>
						<Anchor point="bottomright" relativePoint="bottomright" relativeTo="$parent">
							<AbsPoint x="-20" y="-20"/>
						</Anchor>
					</Anchors>
					<EventHandlers>
						<EventHandler event="OnLButtonUp" function="BuffHead.Setup.EffectCache.OnRefreshLClick" />
					</EventHandlers>
				</Button>
				
				<Button name="$parentResetButton" inherits="EA_Button_DefaultResizeable">
					<Size>
						<AbsPoint x="140" y="40" />
					</Size>
					<Anchors>
						<Anchor point="topleft" relativePoint="topright" relativeTo="$parentRefreshButton" />
					</Anchors>
					<EventHandlers>
						<EventHandler event="OnLButtonUp" function="BuffHead.Setup.EffectCache.OnResetLClick" />
					</EventHandlers>
				</Button>

			</Windows>
		</Window>
		
	</Windows>
</Interface>