<Interface xmlns:xsi="http://wutf-8.org/2001/XMLSchema-instance" xsi:noNamespaceSchemaLocation="../../Interface.xsd">
	<Windows>
	
		<Window name="BuffHeadSetupAdvancedCompressionItemEffectWindow" inherits="EA_Window_Default" movable="false" layer="popup" savesettings="false" scale="1.0">
			<EventHandlers>
				<EventHandler event="OnHidden" function="BuffHead.Setup.AdvancedCompressionItemEffect.OnHidden" />
			</EventHandlers>
			<Size>
				<AbsPoint x="480" y="240" />
			</Size>
			<Anchors>
				<Anchor point="center" relativePoint="center" relativeTo="Root">
					<AbsPoint x="0" y="0" />
 				</Anchor>
			</Anchors>
			<Windows>
			
                <Button name="$parentClose" inherits="EA_Button_DefaultWindowClose">
					<Anchors>
						<Anchor point="topright" relativePoint="center" relativeTo="$parent">
							<AbsPoint x="-15" y="15" />
						</Anchor>
					</Anchors>
                    <EventHandlers>
						<EventHandler event="OnLButtonUp" function="BuffHead.Setup.AdvancedCompressionItemEffect.OnCloseLUp" />
                    </EventHandlers>
                </Button>
			
				<Window name="$parentBackground" inherits="EA_Window_DefaultBackgroundFrame" handleinput="true">
					<Anchors>
           				<Anchor point="topleft" relativePoint="topleft" relativeTo="$parent" />
           				<Anchor point="bottomright" relativePoint="bottomright" relativeTo="$parent"/>
       				</Anchors>
				</Window>
				
				<Label name="$parentTitleLabel" font="font_default_text" textalign="left" maxchars="35">
					<Size>
						<AbsPoint x="480" y="40" />
					</Size>
					<Anchors>
						<Anchor point="topleft" relativePoint="topleft" relativeTo="$parent">
							<AbsPoint x="20" y="20" />
						</Anchor>
					</Anchors>
				</Label>
				
				<Label name="$parentAbilityLabel" font="font_clear_small" textalign="left">
					<Size>
						<AbsPoint x="80" y="20" />
					</Size>
					<Anchors>
						<Anchor point="bottomleft" relativePoint="topleft" relativeTo="$parentTitleLabel">
							<AbsPoint x="20" y="0" />
						</Anchor>
					</Anchors>
				</Label>
				
				<EditBox name="$parentAbilityEditBox" inherits="EA_EditBox_DefaultFrame">
					<Size>
						<AbsPoint x="280" y="32"/>
					</Size>
					<Anchors>
						<Anchor point="right" relativePoint="left" relativeTo="$parentAbilityLabel">
							<AbsPoint x="10" y="0"/>
						</Anchor>
					</Anchors>
				</EditBox>
				
				<Label name="$parentCastByLabel" font="font_clear_small" textalign="left">
					<Size>
						<AbsPoint x="80" y="20" />
					</Size>
					<Anchors>
						<Anchor point="bottomleft" relativePoint="topleft" relativeTo="$parentAbilityLabel">
							<AbsPoint x="0" y="20" />
						</Anchor>
					</Anchors>
				</Label>
				
				<ComboBox name="$parentCastByComboBox" inherits="EA_ComboBox_DefaultResizableSmall">
					<Anchors>
						<Anchor point="right" relativePoint="left" relativeTo="$parentCastByLabel">
							<AbsPoint x="10" y="0"/>
						</Anchor>
					</Anchors>
				</ComboBox>
				
				<Button name="$parentApplyButton" inherits="EA_Button_DefaultResizeable">
					<Size>
						<AbsPoint x="200" y="40" />
					</Size>
					<Anchors>
						<Anchor point="bottomright" relativePoint="bottomright" relativeTo="$parent">
							<AbsPoint x="-20" y="-20"/>
						</Anchor>
					</Anchors>
					<EventHandlers>
						<EventHandler event="OnLButtonUp" function="BuffHead.Setup.AdvancedCompressionItemEffect.OnApplyLClick" />
					</EventHandlers>
				</Button>
				
				<Button name="$parentCreateButton" inherits="EA_Button_DefaultResizeable">
					<Size>
						<AbsPoint x="140" y="40" />
					</Size>
					<Anchors>
						<Anchor point="topleft" relativePoint="topright" relativeTo="$parentApplyButton" />
					</Anchors>
					<EventHandlers>
						<EventHandler event="OnLButtonUp" function="BuffHead.Setup.AdvancedCompressionItemEffect.OnCreateLClick" />
					</EventHandlers>
				</Button>
				
			</Windows>
		</Window>
		
	</Windows>
</Interface>