<Interface xmlns:xsi="http://wutf-8.org/2001/XMLSchema-instance" xsi:noNamespaceSchemaLocation="../../Interface.xsd">
	<Windows>
	
		<Button name="BuffHeadLayoutResizeButton" inherits="EA_Button_Default" popable="false" layer="secondary">
			<Size>
				<AbsPoint x="22" y="22" />
			</Size>
			<EventHandlers>
				<EventHandler event="OnLButtonDown" function="BuffHead.Setup.Layout.BeginResize" />
			</EventHandlers>
		</Button>
		
		<Button name="BuffHeadLayoutCornerResizeButton" inherits="BuffHeadLayoutResizeButton" backgroundtexture="EA_HUD_01" highlighttexture="EA_HUD_01">
			<Size>
				<AbsPoint x="22" y="22" />
			</Size>
		</Button>
		
		<Button name="BuffHeadLayoutTopLeftButton" inherits="BuffHeadLayoutCornerResizeButton">
			<Size>
				<AbsPoint x="22" y="22" />
			</Size>
			<TexSlices>
				<Normal id="LayoutCorner-TopLeft" />
				<NormalHighlit id="LayoutCorner-TopLeft-ROLLOVER" />
				<Pressed id="LayoutCorner-TopLeft-ROLLOVER" />
				<PressedHighlit id="LayoutCorner-TopLeft-ROLLOVER" />
			</TexSlices>
		</Button>
		
		<Button name="BuffHeadLayoutTopRightButton" inherits="BuffHeadLayoutCornerResizeButton">
			<Size>
				<AbsPoint x="22" y="22" />
			</Size>
			<TexSlices>
				<Normal id="LayoutCorner-TopRight" />
				<NormalHighlit id="LayoutCorner-TopRight-ROLLOVER" />
				<Pressed id="LayoutCorner-TopRight-ROLLOVER" />
				<PressedHighlit id="LayoutCorner-TopRight-ROLLOVER" />
			</TexSlices>
		</Button>
		
		<Button name="BuffHeadLayoutBottomLeftButton" inherits="BuffHeadLayoutCornerResizeButton">
			<Size>
				<AbsPoint x="22" y="22" />
			</Size>
			<TexSlices>
				<Normal id="LayoutCorner-BottomLeft" />
				<NormalHighlit id="LayoutCorner-BottomLeft-ROLLOVER" />
				<Pressed id="LayoutCorner-BottomLeft-ROLLOVER" />
				<PressedHighlit id="LayoutCorner-BottomLeft-ROLLOVER" />
			</TexSlices>
		</Button>
		
		<Button name="BuffHeadLayoutBottomRightButton" inherits="BuffHeadLayoutCornerResizeButton">
			<Size>
				<AbsPoint x="22" y="22" />
			</Size>
			<TexSlices>
				<Normal id="LayoutCorner-BottomRight" />
				<NormalHighlit id="LayoutCorner-BottomRight-ROLLOVER" />
				<Pressed id="LayoutCorner-BottomRight-ROLLOVER" />
				<PressedHighlit id="LayoutCorner-BottomRight-ROLLOVER" />
			</TexSlices>
		</Button>
		
		<VerticalResizeImage name="BuffHeadLayoutVerticalResizeImage" texture="EA_TintableImage">
			<Sizes top="0" middle="30" bottom="0" />
			<TexCoords>
				<Middle x="424" y="762" />
			</TexCoords>
		</VerticalResizeImage>
		<VerticalResizeImage name="BuffHeadLayoutVerticalButtonNormal" inherits="BuffHeadLayoutVerticalResizeImage">
			<TintColor r="255" g="255" b="200" />
		</VerticalResizeImage>
		<VerticalResizeImage name="BuffHeadLayoutVerticalButtonHighlight" inherits="BuffHeadLayoutVerticalResizeImage">
			<TintColor r="200" g="200" b="0" />
		</VerticalResizeImage>
		<VerticalResizeImage name="BuffHeadLayoutVerticalButtonPressed" inherits="BuffHeadLayoutVerticalResizeImage">
			<TintColor r="200" g="200" b="0" />
		</VerticalResizeImage>
		
		<Button name="BuffHeadLayoutVerticalButton" inherits="BuffHeadLayoutResizeButton">
			<Size>
				<AbsPoint x="6" y="0" />
			</Size>
			<ResizeImages>
				<Normal def="BuffHeadLayoutVerticalButtonNormal" />
				<NormalHighlit def="BuffHeadLayoutVerticalButtonHighlight" />
				<Pressed def="BuffHeadLayoutVerticalButtonPressed" />
				<PressedHighlit def="BuffHeadLayoutVerticalButtonPressed" />
			</ResizeImages>
		</Button>
		
		<HorizontalResizeImage name="BuffHeadLayoutHorizontalResizeImage" texture="EA_TintableImage">
			<Sizes left="0" middle="30" right="0" />
			<TexCoords>
				<Middle x="424" y="762" />
			</TexCoords>
		</HorizontalResizeImage>
		<HorizontalResizeImage name="BuffHeadLayoutHorizontalButtonNormal" inherits="BuffHeadLayoutHorizontalResizeImage">
			<TintColor r="255" g="255" b="200" />
		</HorizontalResizeImage>
		<HorizontalResizeImage name="BuffHeadLayoutHorizontalButtonHighlight" inherits="BuffHeadLayoutHorizontalResizeImage">
			<TintColor r="200" g="200" b="0" />
		</HorizontalResizeImage>
		<HorizontalResizeImage name="BuffHeadLayoutHorizontalButtonPressed" inherits="BuffHeadLayoutHorizontalResizeImage">
			<TintColor r="200" g="200" b="0" />
		</HorizontalResizeImage>
		
		<Button name="BuffHeadLayoutHorizontalButton" inherits="BuffHeadLayoutResizeButton">
			<Size>
				<AbsPoint x="0" y="5" />
			</Size>
			<ResizeImages>
				<Normal def="BuffHeadLayoutHorizontalButtonNormal" />
				<NormalHighlit def="BuffHeadLayoutHorizontalButtonHighlight" />
				<Pressed def="BuffHeadLayoutHorizontalButtonPressed" />
				<PressedHighlit def="BuffHeadLayoutHorizontalButtonPressed" />
			</ResizeImages>
		</Button>
	
		<Window name="BuffHeadLayoutControlFrameWindow" movable="false" layer="secondary" savesettings="false" sticky="false" >
			<EventHandlers>
				<EventHandler event="OnLButtonDown" function="BuffHead.Setup.Layout.OnControlFrameLButtonDown" />
				<EventHandler event="OnLButtonUp" function="BuffHead.Setup.Layout.OnControlFrameLButtonUp" />
				<EventHandler event="OnRButtonDown" function="BuffHead.Setup.Layout.OnControlFrameRButtonDown" />
				<EventHandler event="OnRButtonUp" function="BuffHead.Setup.Layout.OnControlFrameRButtonUp" />
			</EventHandlers>
			<Windows>
		
				<FullResizeImage name="$parentFrame" inherits="EA_FullResizeImage_TintableFrame" handleinput="false" layer="background" alpha="0.75">
					<Anchors>
						<Anchor point="topleft" relativePoint="topleft"/>
						<Anchor point="bottomright" relativePoint="bottomright"/>
					</Anchors>
				</FullResizeImage>
				
				<FullResizeImage name="$parentResizeFrame" inherits="EA_FullResizeImage_TintableFrame" handleinput="false" layer="overlay" alpha="0.75" />
		
				<Button name="$parentTopLeftResize" inherits="BuffHeadLayoutTopLeftButton" id="1">
					<Anchors>
						<Anchor point="topleft" relativePoint="topleft" relativeTo="">
							<AbsPoint x="0" y="0" />
						</Anchor>
					</Anchors>
				</Button>
				<Button name="$parentTopRightResize" inherits="BuffHeadLayoutTopRightButton" id="2">
					<Anchors>
						<Anchor point="topright" relativePoint="topright" relativeTo="">
							<AbsPoint x="0" y="0" />
						</Anchor>
					</Anchors>
				</Button>
				<Button name="$parentBottomLeftResize" inherits="BuffHeadLayoutBottomLeftButton" id="3">
					<Anchors>
						<Anchor point="bottomleft" relativePoint="bottomleft" relativeTo="">
							<AbsPoint x="0" y="0" />
						</Anchor>
					</Anchors>
				</Button>
				<Button name="$parentBottomRightResize" inherits="BuffHeadLayoutBottomRightButton" id="4">
					<Anchors>
						<Anchor point="bottomright" relativePoint="bottomright" relativeTo="">
							<AbsPoint x="0" y="0" />
						</Anchor>
					</Anchors>
				</Button>
				<Button name="$parentTopResize" inherits="BuffHeadLayoutHorizontalButton" id="5">
					<Anchors>
						<Anchor point="topright" relativePoint="topleft" relativeTo="$parentTopLeftResize">
							<AbsPoint x="0" y="0" />
						</Anchor>
						<Anchor point="topleft" relativePoint="topright" relativeTo="$parentTopRightResize">
							<AbsPoint x="0" y="0" />
						</Anchor>
					</Anchors>
				</Button>
				<Button name="$parentBottomResize" inherits="BuffHeadLayoutHorizontalButton" id="6" >
					<Anchors>
						<Anchor point="bottomright" relativePoint="bottomleft" relativeTo="$parentBottomLeftResize">
							<AbsPoint x="0" y="0" />
						</Anchor>
						<Anchor point="bottomleft" relativePoint="bottomright" relativeTo="$parentBottomRightResize">
							<AbsPoint x="0" y="0" />
						</Anchor>
					</Anchors>
				</Button>
				<Button name="$parentLeftResize" inherits="BuffHeadLayoutVerticalButton" id="7">
					<Anchors>
						<Anchor point="bottomleft" relativePoint="topleft" relativeTo="$parentTopLeftResize">
							<AbsPoint x="0" y="0" />
						</Anchor>
						<Anchor point="topleft" relativePoint="bottomleft" relativeTo="$parentBottomLeftResize">
							<AbsPoint x="0" y="0" />
						</Anchor>
					</Anchors>
				</Button>
				<Button name="$parentRightResize" inherits="BuffHeadLayoutVerticalButton" id="8">
					<Anchors>
						<Anchor point="bottomright" relativePoint="topright" relativeTo="$parentTopRightResize">
							<AbsPoint x="0" y="0" />
						</Anchor>
						<Anchor point="topright" relativePoint="bottomright" relativeTo="$parentBottomRightResize">
							<AbsPoint x="0" y="0" />
						</Anchor>
					</Anchors>
				</Button>
				
			</Windows>
		</Window>
	
		<Window name="BuffHeadLayoutFrameWindow" movable="false" layer="background" savesettings="false" sticky="false">
			<EventHandlers>
				<EventHandler event="OnLButtonDown" function="BuffHead.Setup.Layout.OnLayoutWindowLButtonDown" />
				<EventHandler event="OnRButtonDown" function="BuffHead.Setup.Layout.OnLayoutWindowRButtonDown" />
			</EventHandlers>
			<Windows>
				<FullResizeImage name="$parentBackground" inherits="EA_FullResizeImage_TintableSolidBackground" handleinput="false" layer="background" alpha="0.25">
					<Anchors>
						<Anchor point="topleft" relativePoint="topleft"/>
						<Anchor point="bottomright" relativePoint="bottomright"/>
					</Anchors>
					<TintColor r="150" g="150" b="150" />
				</FullResizeImage>
				<FullResizeImage name="$parentFrame" inherits="EA_FullResizeImage_TintableFrame" handleinput="false" layer="background" alpha="0.75">
					<Anchors>
						<Anchor point="topleft" relativePoint="topleft"/>
						<Anchor point="bottomright" relativePoint="bottomright"/>
					</Anchors>
				</FullResizeImage>
				<Label name="$parentName" font="font_clear_small" autoresize="true" textalign="center" sticky="false" layer="secondary" handleinput="false">
					<Size>
						<AbsPoint x="200" y="20" />
					</Size>
					<Anchors>
						<Anchor point="center" relativePoint="center" relativeTo="">
							<AbsPoint x="0" y="0" />
						</Anchor>
					</Anchors>
					<Color r="255" g="255" b="255" a="255" />
				</Label>
			</Windows>
		</Window>
		
		<Window name="BuffHeadSetupLayoutWindow" inherits="EA_Window_Default" movable="false" layer="popup" savesettings="false" scale="1.0">
			<EventHandlers>
				<EventHandler event="OnHidden" function="BuffHead.Setup.Layout.OnHidden" />
                <EventHandler event="OnUpdate" function="BuffHead.Setup.Layout.OnUpdate" />
                <EventHandler event="OnLButtonDown" function="BuffHead.Setup.Layout.ClearSelection" />
                <EventHandler event="OnRButtonDown" function="BuffHead.Setup.Layout.TrapClick" />
                <EventHandler event="OnRawDeviceInput" function="BuffHead.Setup.Layout.OnRawDeviceInput" />
			</EventHandlers>
			<Size>
				<AbsPoint x="620" y="540" />
			</Size>
			<Anchors>
				<Anchor point="center" relativePoint="center" relativeTo="Root">
					<AbsPoint x="0" y="0" />
 				</Anchor>
			</Anchors>
			<Windows>
			
                <Button name="$parentClose" inherits="EA_Button_DefaultWindowClose">
					<Anchors>
						<Anchor point="topright" relativePoint="center" relativeTo="$parent">
							<AbsPoint x="-15" y="15" />
						</Anchor>
					</Anchors>
                    <EventHandlers>
						<EventHandler event="OnLButtonUp" function="BuffHead.Setup.Layout.OnCloseLUp" />
                    </EventHandlers>
                </Button>
			
				<Window name="$parentBackground" inherits="EA_Window_DefaultBackgroundFrame" handleinput="true">
					<Anchors>
           				<Anchor point="topleft" relativePoint="topleft" relativeTo="$parent" />
           				<Anchor point="bottomright" relativePoint="bottomright" relativeTo="$parent"/>
       				</Anchors>
				</Window>
				
				<Label name="$parentTitleLabel" font="font_default_text" textalign="left" maxchars="35">
					<Size>
						<AbsPoint x="480" y="40" />
					</Size>
					<Anchors>
						<Anchor point="topleft" relativePoint="topleft" relativeTo="$parent">
							<AbsPoint x="20" y="20" />
						</Anchor>
					</Anchors>
				</Label>

				<Window name="$parentContainer">
					<Size>
						<AbsPoint x="580" y="380" />
					</Size>
					<Anchors>
						<Anchor point="bottomleft" relativePoint="topleft" relativeTo="$parentTitleLabel">
							<AbsPoint x="0" y="20" />
						</Anchor>
					</Anchors>
					<Windows>
					</Windows>
				</Window>
				
				<Button name="$parentLayerButton" inherits="EA_FilterMenuButtonTemplate">
					<Anchors>
						<Anchor point="topright" relativePoint="bottomright" relativeTo="$parentContainer">
							<AbsPoint x="0" y="-10"/>
						</Anchor>
					</Anchors>
					<EventHandlers>
						<EventHandler event="OnLButtonUp" function="BuffHead.Setup.Layout.OnLayerLClick" />
						<EventHandler event="OnMouseOver" function="BuffHead.Setup.Layout.OnLayerMouseOver" />
					</EventHandlers>
				</Button>
	
				<Window name="$parentLayerWindow" layer="popup">
					<Size>
						<AbsPoint x="200" y="230" />
					</Size>
					<Windows>
						<FullResizeImage name="$parentBackground" inherits="EA_FullResizeImage_TintableSolidBackground" handleinput="true">
							<Anchors>
								<Anchor point="topleft" relativePoint="topleft" relativeTo="$parent" />
								<Anchor point="bottomright" relativePoint="bottomright" relativeTo="$parent"/>
							</Anchors>
						</FullResizeImage>
						
						<Label name="$parentLayersLabel" font="font_clear_small_bold" textalign="left">
							<Size>
								<AbsPoint x="120" y="20" />
							</Size>
							<Anchors>
								<Anchor point="topleft" relativePoint="topleft" relativeTo="$parent">
									<AbsPoint x="20" y="20"/>
								</Anchor>
							</Anchors>
						</Label>
		
						<Window name="$parentLayer0Checkbox" inherits="EA_LabelCheckButton">
							<Size>
								<AbsPoint x="25" y="25" />
							</Size>
							<Anchors>
								<Anchor point="bottomleft" relativePoint="topleft" relativeTo="$parentLayersLabel">
									<AbsPoint x="0" y="10"/>
								</Anchor>
							</Anchors>
							<EventHandlers>
								<EventHandler event="OnLButtonUp" function="BuffHead.Setup.Layout.OnLayersChanged" />
							</EventHandlers>
						</Window>
						
						<Label name="$parentLayer0CheckBoxLabel" font="font_clear_small" textalign="left">
							<Size>
								<AbsPoint x="120" y="20" />
							</Size>
							<Anchors>
								<Anchor point="right" relativePoint="left" relativeTo="$parentLayer0Checkbox">
									<AbsPoint x="10" y="0" />
								</Anchor>
							</Anchors>
						</Label>
		
						<Window name="$parentLayer1Checkbox" inherits="EA_LabelCheckButton">
							<Size>
								<AbsPoint x="25" y="25" />
							</Size>
							<Anchors>
								<Anchor point="bottomleft" relativePoint="topleft" relativeTo="$parentLayer0Checkbox">
									<AbsPoint x="0" y="10"/>
								</Anchor>
							</Anchors>
							<EventHandlers>
								<EventHandler event="OnLButtonUp" function="BuffHead.Setup.Layout.OnLayersChanged" />
							</EventHandlers>
						</Window>
						
						<Label name="$parentLayer1CheckBoxLabel" font="font_clear_small" textalign="left">
							<Size>
								<AbsPoint x="120" y="20" />
							</Size>
							<Anchors>
								<Anchor point="right" relativePoint="left" relativeTo="$parentLayer1Checkbox">
									<AbsPoint x="10" y="0" />
								</Anchor>
							</Anchors>
						</Label>
		
						<Window name="$parentLayer2Checkbox" inherits="EA_LabelCheckButton">
							<Size>
								<AbsPoint x="25" y="25" />
							</Size>
							<Anchors>
								<Anchor point="bottomleft" relativePoint="topleft" relativeTo="$parentLayer1Checkbox">
									<AbsPoint x="0" y="10"/>
								</Anchor>
							</Anchors>
							<EventHandlers>
								<EventHandler event="OnLButtonUp" function="BuffHead.Setup.Layout.OnLayersChanged" />
							</EventHandlers>
						</Window>
						
						<Label name="$parentLayer2CheckBoxLabel" font="font_clear_small" textalign="left">
							<Size>
								<AbsPoint x="120" y="20" />
							</Size>
							<Anchors>
								<Anchor point="right" relativePoint="left" relativeTo="$parentLayer2Checkbox">
									<AbsPoint x="10" y="0" />
								</Anchor>
							</Anchors>
						</Label>
		
						<Window name="$parentLayer3Checkbox" inherits="EA_LabelCheckButton">
							<Size>
								<AbsPoint x="25" y="25" />
							</Size>
							<Anchors>
								<Anchor point="bottomleft" relativePoint="topleft" relativeTo="$parentLayer2Checkbox">
									<AbsPoint x="0" y="10"/>
								</Anchor>
							</Anchors>
							<EventHandlers>
								<EventHandler event="OnLButtonUp" function="BuffHead.Setup.Layout.OnLayersChanged" />
							</EventHandlers>
						</Window>
						
						<Label name="$parentLayer3CheckBoxLabel" font="font_clear_small" textalign="left">
							<Size>
								<AbsPoint x="120" y="20" />
							</Size>
							<Anchors>
								<Anchor point="right" relativePoint="left" relativeTo="$parentLayer3Checkbox">
									<AbsPoint x="10" y="0" />
								</Anchor>
							</Anchors>
						</Label>
		
						<Window name="$parentLayer4Checkbox" inherits="EA_LabelCheckButton">
							<Size>
								<AbsPoint x="25" y="25" />
							</Size>
							<Anchors>
								<Anchor point="bottomleft" relativePoint="topleft" relativeTo="$parentLayer3Checkbox">
									<AbsPoint x="0" y="10"/>
								</Anchor>
							</Anchors>
							<EventHandlers>
								<EventHandler event="OnLButtonUp" function="BuffHead.Setup.Layout.OnLayersChanged" />
							</EventHandlers>
						</Window>
						
						<Label name="$parentLayer4CheckBoxLabel" font="font_clear_small" textalign="left">
							<Size>
								<AbsPoint x="120" y="20" />
							</Size>
							<Anchors>
								<Anchor point="right" relativePoint="left" relativeTo="$parentLayer4Checkbox">
									<AbsPoint x="10" y="0" />
								</Anchor>
							</Anchors>
						</Label>
						
					</Windows>
				</Window>
				
				<Button name="$parentApplyButton" inherits="EA_Button_DefaultResizeable">
					<Size>
						<AbsPoint x="220" y="40" />
					</Size>
					<Anchors>
						<Anchor point="bottomright" relativePoint="bottomright" relativeTo="$parent">
							<AbsPoint x="-20" y="-20"/>
						</Anchor>
					</Anchors>
					<EventHandlers>
						<EventHandler event="OnLButtonUp" function="BuffHead.Setup.Layout.OnApplyLClick" />
					</EventHandlers>
				</Button>
				
				<Button name="$parentManagerButton" inherits="EA_Button_DefaultResizeable">
					<Size>
						<AbsPoint x="180" y="40" />
					</Size>
					<Anchors>
						<Anchor point="left" relativePoint="right" relativeTo="$parentApplyButton">
							<AbsPoint x="0" y="0"/>
						</Anchor>
					</Anchors>
					<EventHandlers>
						<EventHandler event="OnLButtonUp" function="BuffHead.Setup.Layout.OnManagerLClick" />
					</EventHandlers>
				</Button>

			</Windows>
		</Window>
		
	</Windows>
</Interface>