<Interface xmlns:xsi="http://wutf-8.org/2001/XMLSchema-instance" xsi:noNamespaceSchemaLocation="../../Interface.xsd">
	<Windows>

		<Window name="BuffHeadSetupEffectCacheTableWindow" inherits="EA_Window_Default" movable="false" layer="popup" savesettings="false" scale="1.0">
			<EventHandlers>
				<EventHandler event="OnHidden" function="BuffHead.Setup.EffectCacheTable.OnHidden" />
			</EventHandlers>
			<Size>
				<AbsPoint x="520" y="380" />
			</Size>
			<Anchors>
				<Anchor point="center" relativePoint="center" relativeTo="Root">
					<AbsPoint x="0" y="0" />
 				</Anchor>
			</Anchors>
			<Windows>
			
                <Button name="$parentClose" inherits="EA_Button_DefaultWindowClose">
					<Anchors>
						<Anchor point="topright" relativePoint="center" relativeTo="$parent">
							<AbsPoint x="-15" y="15" />
						</Anchor>
					</Anchors>
                    <EventHandlers>
						<EventHandler event="OnLButtonUp" function="BuffHead.Setup.EffectCacheTable.OnCloseLUp" />
                    </EventHandlers>
                </Button>
			
				<Window name="$parentBackground" inherits="EA_Window_DefaultBackgroundFrame" handleinput="true">
					<Anchors>
           				<Anchor point="topleft" relativePoint="topleft" relativeTo="$parent" />
           				<Anchor point="bottomright" relativePoint="bottomright" relativeTo="$parent"/>
       				</Anchors>
				</Window>
				
				<Label name="$parentNameLabel" font="font_clear_small_bold" textalign="left">
					<Size>
						<AbsPoint x="400" y="20" />
					</Size>
					<Anchors>
						<Anchor point="topleft" relativePoint="topleft" relativeTo="$parent">
							<AbsPoint x="20" y="20" />
						</Anchor>
					</Anchors>
				</Label>
				
				<Label name="$parentSeenLabel" font="font_clear_small" textalign="left">
					<Size>
						<AbsPoint x="400" y="20" />
					</Size>
					<Anchors>
						<Anchor point="bottomleft" relativePoint="topleft" relativeTo="$parentNameLabel">
							<AbsPoint x="0" y="0" />
						</Anchor>
					</Anchors>
				</Label>
				
				<EditBox name="$parentTableEditBox" inherits="EA_EditBox_DefaultFrame_Multiline" font="font_clear_small" scrollbar="EA_ScrollBar_DefaultVerticalChain">
					<Size>
						<AbsPoint x="480" y="280"/>
					</Size>
					<Anchors>
						<Anchor point="bottomleft" relativePoint="topleft" relativeTo="$parentSeenLabel">
							<AbsPoint x="0" y="10"/>
						</Anchor>
					</Anchors>
				</EditBox>

			</Windows>
		</Window>
		
	</Windows>
</Interface>