<Interface xmlns:xsi="http://wutf-8.org/2001/XMLSchema-instance" xsi:noNamespaceSchemaLocation="../../Interface.xsd">
	<Windows>
		
		<Window name="BuffHeadSetupContainerWindow" inherits="EA_Window_Default" movable="false" layer="popup" savesettings="false" scale="1.0">
			<EventHandlers>
				<EventHandler event="OnHidden" function="BuffHead.Setup.Container.OnHidden" />
			</EventHandlers>
			<Size>
				<AbsPoint x="620" y="650" />
			</Size>
			<Anchors>
				<Anchor point="center" relativePoint="center" relativeTo="Root">
					<AbsPoint x="0" y="0" />
 				</Anchor>
			</Anchors>
			<Windows>
			
                <Button name="$parentClose" inherits="EA_Button_DefaultWindowClose">
					<Anchors>
						<Anchor point="topright" relativePoint="center" relativeTo="$parent">
							<AbsPoint x="-15" y="15" />
						</Anchor>
					</Anchors>
                    <EventHandlers>
						<EventHandler event="OnLButtonUp" function="BuffHead.Setup.Container.OnCloseLUp" />
                    </EventHandlers>
                </Button>
			
				<Window name="$parentBackground" inherits="EA_Window_DefaultBackgroundFrame" handleinput="true">
					<Anchors>
           				<Anchor point="topleft" relativePoint="topleft" relativeTo="$parent" />
           				<Anchor point="bottomright" relativePoint="bottomright" relativeTo="$parent"/>
       				</Anchors>
				</Window>
				
				<Label name="$parentContainerLabel" font="font_default_text" textalign="left" maxchars="35">
					<Size>
						<AbsPoint x="480" y="40" />
					</Size>
					<Anchors>
						<Anchor point="topleft" relativePoint="topleft" relativeTo="$parent">
							<AbsPoint x="20" y="20" />
						</Anchor>
					</Anchors>
				</Label>
				
				<Label name="$parentContainerExampleLabel" font="font_clear_small_bold" textalign="left" maxchars="255">
					<Size>
						<AbsPoint x="380" y="20" />
					</Size>
					<Anchors>
						<Anchor point="bottomleft" relativePoint="topleft" relativeTo="$parentContainerColumnsSlider">
							<AbsPoint x="-10" y="30" />
						</Anchor>
					</Anchors>
				</Label>
				
				<Label name="$parentContainerAnchorLabel" font="font_clear_small" textalign="left" maxchars="35">
					<Size>
						<AbsPoint x="80" y="20" />
					</Size>
					<Anchors>
						<Anchor point="bottomleft" relativePoint="topleft" relativeTo="$parentContainerExampleLabel">
							<AbsPoint x="10" y="10" />
						</Anchor>
					</Anchors>
				</Label>
				
				<DynamicImage name="$parentContainerLegendAlwaysSquare" texture="EA_TintableImage">
					<TintColor r="155" g="155" b="255" />
					<Size>
						<AbsPoint x="20" y="20"/>
					</Size>
					<Anchors>
						<Anchor point="topleft" relativePoint="topleft" relativeTo="$parentContainerAnchorLabel">
							<AbsPoint x="220" y="130"/>
						</Anchor>
					</Anchors>
				</DynamicImage>
				<Label name="$parentContainerLegendAlwaysShowLabel" font="font_clear_small" textalign="left" maxchars="35">
					<Size>
						<AbsPoint x="100" y="20" />
					</Size>
					<Anchors>
						<Anchor point="topright" relativePoint="topleft" relativeTo="$parentContainerLegendAlwaysSquare">
							<AbsPoint x="10" y="0" />
						</Anchor>
					</Anchors>
				</Label>
				<DynamicImage name="$parentContainerLegendBuffsSquare" texture="EA_TintableImage">
					<TintColor r="155" g="255" b="155" />
					<Size>
						<AbsPoint x="20" y="20"/>
					</Size>
					<Anchors>
						<Anchor point="topright" relativePoint="topleft" relativeTo="$parentContainerLegendAlwaysShowLabel">
							<AbsPoint x="10" y="0"/>
						</Anchor>
					</Anchors>
				</DynamicImage>
				<Label name="$parentContainerLegendBuffsLabel" font="font_clear_small" textalign="left" maxchars="35">
					<Size>
						<AbsPoint x="50" y="20" />
					</Size>
					<Anchors>
						<Anchor point="topright" relativePoint="topleft" relativeTo="$parentContainerLegendBuffsSquare">
							<AbsPoint x="10" y="0" />
						</Anchor>
					</Anchors>
				</Label>
				<DynamicImage name="$parentContainerLegendDebuffsSquare" texture="EA_TintableImage">
					<TintColor r="255" g="155" b="155" />
					<Size>
						<AbsPoint x="20" y="20"/>
					</Size>
					<Anchors>
						<Anchor point="topright" relativePoint="topleft" relativeTo="$parentContainerLegendBuffsLabel">
							<AbsPoint x="10" y="0"/>
						</Anchor>
					</Anchors>
				</DynamicImage>
				<Label name="$parentContainerLegendDebuffsLabel" font="font_clear_small" textalign="left" maxchars="35">
					<Size>
						<AbsPoint x="80" y="20" />
					</Size>
					<Anchors>
						<Anchor point="topright" relativePoint="topleft" relativeTo="$parentContainerLegendDebuffsSquare">
							<AbsPoint x="10" y="0" />
						</Anchor>
					</Anchors>
				</Label>
				
				<DynamicImage name="$parentContainerAlwaysSquare" texture="EA_TintableImage" id="1">
					<TintColor r="155" g="155" b="255" />
					<Size>
						<AbsPoint x="30" y="30"/>
					</Size>
					<Anchors>
						<Anchor point="right" relativePoint="left" relativeTo="$parentContainerAnchorLabel">
							<AbsPoint x="10" y="0"/>
						</Anchor>
					</Anchors>
                    <EventHandlers>
						<EventHandler event="OnLButtonUp" function="BuffHead.Setup.Container.OnContainerClick" />
                    </EventHandlers>
				</DynamicImage>
				
				<DynamicImage name="$parentContainerBuffsSquare" texture="EA_TintableImage" id="2">
					<TintColor r="155" g="255" b="155" />
					<Size>
						<AbsPoint x="30" y="30"/>
					</Size>
					<Anchors>
						<Anchor point="right" relativePoint="left" relativeTo="$parentContainerAlwaysSquare">
							<AbsPoint x="10" y="0"/>
						</Anchor>
					</Anchors>
                    <EventHandlers>
						<EventHandler event="OnLButtonUp" function="BuffHead.Setup.Container.OnContainerClick" />
                    </EventHandlers>
				</DynamicImage>
				
				<DynamicImage name="$parentContainerDebuffsSquare" texture="EA_TintableImage" id="3">
					<TintColor r="255" g="155" b="155" />
					<Size>
						<AbsPoint x="30" y="30"/>
					</Size>
					<Anchors>
						<Anchor point="right" relativePoint="left" relativeTo="$parentContainerBuffsSquare">
							<AbsPoint x="10" y="0"/>
						</Anchor>
					</Anchors>
                    <EventHandlers>
						<EventHandler event="OnLButtonUp" function="BuffHead.Setup.Container.OnContainerClick" />
                    </EventHandlers>
				</DynamicImage>
				
				
				<Label name="$parentContainerLayoutLabel" font="font_clear_small_bold" textalign="left" maxchars="35">
					<Size>
						<AbsPoint x="480" y="20" />
					</Size>
					<Anchors>
						<Anchor point="bottomleft" relativePoint="topleft" relativeTo="$parentContainerLabel">
							<AbsPoint x="20" y="0" />
						</Anchor>
					</Anchors>
				</Label>
				
				<Label name="$parentContainerAlwaysShowLabel" font="font_clear_small" textalign="left" maxchars="35">
					<Size>
						<AbsPoint x="160" y="20" />
					</Size>
					<Anchors>
						<Anchor point="bottomleft" relativePoint="topleft" relativeTo="$parentContainerLayoutLabel">
							<AbsPoint x="10" y="10" />
						</Anchor>
					</Anchors>
				</Label>
				<ComboBox name="$parentContainerAlwaysShowPlacementCombo" inherits="EA_ComboBox_DefaultResizableSmall">
					<Anchors>
						<Anchor point="right" relativePoint="left" relativeTo="$parentContainerAlwaysShowLabel">
							<AbsPoint x="0" y="0"/>
						</Anchor>
					</Anchors>
					<EventHandlers>
						<EventHandler event="OnSelChanged" function="BuffHead.Setup.Container.OnContainerAlwaysShowPlacementChanged" />
					</EventHandlers>
				</ComboBox>
				<ComboBox name="$parentContainerAlwaysShowAnchorCombo" inherits="EA_ComboBox_DefaultResizable">
					<Anchors>
						<Anchor point="right" relativePoint="left" relativeTo="$parentContainerAlwaysShowPlacementCombo">
							<AbsPoint x="10" y="0"/>
						</Anchor>
					</Anchors>
					<EventHandlers>
						<EventHandler event="OnSelChanged" function="BuffHead.Setup.Container.OnContainerAlwaysShowAnchorChanged" />
					</EventHandlers>
				</ComboBox>
				
				<Label name="$parentContainerBuffsLabel" font="font_clear_small" textalign="left" maxchars="35">
					<Size>
						<AbsPoint x="160" y="20" />
					</Size>
					<Anchors>
						<Anchor point="bottomleft" relativePoint="topleft" relativeTo="$parentContainerAlwaysShowLabel">
							<AbsPoint x="0" y="10" />
						</Anchor>
					</Anchors>
				</Label>
				<ComboBox name="$parentContainerBuffsPlacementCombo" inherits="EA_ComboBox_DefaultResizableSmall">
					<Anchors>
						<Anchor point="right" relativePoint="left" relativeTo="$parentContainerBuffsLabel">
							<AbsPoint x="0" y="0"/>
						</Anchor>
					</Anchors>
					<EventHandlers>
						<EventHandler event="OnSelChanged" function="BuffHead.Setup.Container.OnContainerBuffsPlacementChanged" />
					</EventHandlers>
				</ComboBox>
				<ComboBox name="$parentContainerBuffsAnchorCombo" inherits="EA_ComboBox_DefaultResizable">
					<Anchors>
						<Anchor point="right" relativePoint="left" relativeTo="$parentContainerBuffsPlacementCombo">
							<AbsPoint x="10" y="0"/>
						</Anchor>
					</Anchors>
					<EventHandlers>
						<EventHandler event="OnSelChanged" function="BuffHead.Setup.Container.OnContainerBuffsAnchorChanged" />
					</EventHandlers>
				</ComboBox>
				
				<Label name="$parentContainerDebuffsLabel" font="font_clear_small" textalign="left" maxchars="35">
					<Size>
						<AbsPoint x="160" y="20" />
					</Size>
					<Anchors>
						<Anchor point="bottomleft" relativePoint="topleft" relativeTo="$parentContainerBuffsLabel">
							<AbsPoint x="0" y="10" />
						</Anchor>
					</Anchors>
				</Label>
				<ComboBox name="$parentContainerDebuffsPlacementCombo" inherits="EA_ComboBox_DefaultResizableSmall">
					<Anchors>
						<Anchor point="right" relativePoint="left" relativeTo="$parentContainerDebuffsLabel">
							<AbsPoint x="0" y="0"/>
						</Anchor>
					</Anchors>
					<EventHandlers>
						<EventHandler event="OnSelChanged" function="BuffHead.Setup.Container.OnContainerDebuffsPlacementChanged" />
					</EventHandlers>
				</ComboBox>
				<ComboBox name="$parentContainerDebuffsAnchorCombo" inherits="EA_ComboBox_DefaultResizable">
					<Anchors>
						<Anchor point="right" relativePoint="left" relativeTo="$parentContainerDebuffsPlacementCombo">
							<AbsPoint x="10" y="0"/>
						</Anchor>
					</Anchors>
					<EventHandlers>
						<EventHandler event="OnSelChanged" function="BuffHead.Setup.Container.OnContainerDebuffsAnchorChanged" />
					</EventHandlers>
				</ComboBox>
				
				
				<Label name="$parentContainerPaddingLabel" font="font_clear_small_bold" textalign="left" maxchars="200">
					<Size>
						<AbsPoint x="480" y="20" />
					</Size>
					<Anchors>
						<Anchor point="bottomleft" relativePoint="topleft" relativeTo="$parentContainerDebuffsLabel">
							<AbsPoint x="-10" y="20" />
						</Anchor>
					</Anchors>
				</Label>
				
				<Label name="$parentContainerPaddingHorizontalDescriptionLabel" font="font_clear_small" textalign="left" maxchars="200">
					<Size>
						<AbsPoint x="280" y="20" />
					</Size>
					<Anchors>
						<Anchor point="bottomleft" relativePoint="topleft" relativeTo="$parentContainerPaddingLabel">
							<AbsPoint x="10" y="10" />
						</Anchor>
					</Anchors>
				</Label>
				
				<SliderBar name="$parentContainerPaddingHorizontalSlider" inherits="EA_Default_SliderBar">
					<Size>
						<AbsPoint x="160" y="35" />
					</Size>
					<Anchors>
						<Anchor point="bottomleft" relativePoint="topleft" relativeTo="$parentContainerPaddingHorizontalDescriptionLabel">
							<AbsPoint x="0" y="10" />
						</Anchor>
					</Anchors>
					<EventHandlers>
						<EventHandler event="OnSlide" function="BuffHead.Setup.Container.OnSlidePaddingHorizontal" />
					</EventHandlers>
				</SliderBar>
				
				<Label name="$parentContainerPaddingHorizontalValue" font="font_clear_small" textalign="left" maxchars="50">
					<Size>
						<AbsPoint x="120" y="20" />
					</Size>
					<Anchors>
						<Anchor point="right" relativePoint="left" relativeTo="$parentContainerPaddingHorizontalSlider">
							<AbsPoint x="10" y="0" />
						</Anchor>
					</Anchors>
				</Label>
				
				<Label name="$parentContainerPaddingVerticalDescriptionLabel" font="font_clear_small" textalign="left" maxchars="200">
					<Size>
						<AbsPoint x="280" y="20" />
					</Size>
					<Anchors>
						<Anchor point="bottomleft" relativePoint="topleft" relativeTo="$parentContainerPaddingLabel">
							<AbsPoint x="280" y="10" />
						</Anchor>
					</Anchors>
				</Label>
				
				<SliderBar name="$parentContainerPaddingVerticalSlider" inherits="EA_Default_SliderBar">
					<Size>
						<AbsPoint x="160" y="35" />
					</Size>
					<Anchors>
						<Anchor point="bottomleft" relativePoint="topleft" relativeTo="$parentContainerPaddingVerticalDescriptionLabel">
							<AbsPoint x="0" y="10" />
						</Anchor>
					</Anchors>
					<EventHandlers>
						<EventHandler event="OnSlide" function="BuffHead.Setup.Container.OnSlidePaddingVertical" />
					</EventHandlers>
				</SliderBar>
				
				<Label name="$parentContainerPaddingVerticalValue" font="font_clear_small" textalign="left" maxchars="50">
					<Size>
						<AbsPoint x="120" y="20" />
					</Size>
					<Anchors>
						<Anchor point="right" relativePoint="left" relativeTo="$parentContainerPaddingVerticalSlider">
							<AbsPoint x="10" y="0" />
						</Anchor>
					</Anchors>
				</Label>
				
				
				<Label name="$parentContainerTypeLabel" font="font_clear_small_bold" textalign="left" maxchars="200" wordwrap="true">
					<Size>
						<AbsPoint x="80" y="20" />
					</Size>
					<Anchors>
						<Anchor point="bottomleft" relativePoint="topleft" relativeTo="$parentContainerPaddingHorizontalSlider">
							<AbsPoint x="-10" y="20" />
						</Anchor>
					</Anchors>
				</Label>
				
				<ComboBox name="$parentContainerTypeList" inherits="EA_ComboBox_DefaultResizable">
					<Anchors>
						<Anchor point="right" relativePoint="left" relativeTo="$parentContainerTypeLabel">
							<AbsPoint x="10" y="0"/>
						</Anchor>
					</Anchors>
					<EventHandlers>
						<EventHandler event="OnSelChanged" function="BuffHead.Setup.Container.OnSizeContainerTypeChanged" />
					</EventHandlers>
				</ComboBox>
				
				<Label name="$parentContainerColumnsDescriptionLabel" font="font_clear_small" textalign="left" maxchars="200">
					<Size>
						<AbsPoint x="280" y="20" />
					</Size>
					<Anchors>
						<Anchor point="bottomleft" relativePoint="topleft" relativeTo="$parentContainerTypeLabel">
							<AbsPoint x="10" y="25" />
						</Anchor>
					</Anchors>
				</Label>
				
				<SliderBar name="$parentContainerColumnsSlider" inherits="EA_Default_SliderBar">
					<Size>
						<AbsPoint x="160" y="35" />
					</Size>
					<Anchors>
						<Anchor point="bottomleft" relativePoint="topleft" relativeTo="$parentContainerColumnsDescriptionLabel">
							<AbsPoint x="0" y="10" />
						</Anchor>
					</Anchors>
					<EventHandlers>
						<EventHandler event="OnSlide" function="BuffHead.Setup.Container.OnSlideColumns" />
					</EventHandlers>
				</SliderBar>
				
				<Label name="$parentContainerColumnsValue" font="font_clear_small" textalign="left" maxchars="50">
					<Size>
						<AbsPoint x="120" y="20" />
					</Size>
					<Anchors>
						<Anchor point="right" relativePoint="left" relativeTo="$parentContainerColumnsSlider">
							<AbsPoint x="10" y="0" />
						</Anchor>
					</Anchors>
				</Label>
				
				<Label name="$parentContainerRowsDescriptionLabel" font="font_clear_small" textalign="left" maxchars="200">
					<Size>
						<AbsPoint x="280" y="20" />
					</Size>
					<Anchors>
						<Anchor point="bottomleft" relativePoint="topleft" relativeTo="$parentContainerTypeLabel">
							<AbsPoint x="290" y="25" />
						</Anchor>
					</Anchors>
				</Label>
				
				<SliderBar name="$parentContainerRowsSlider" inherits="EA_Default_SliderBar">
					<Size>
						<AbsPoint x="160" y="35" />
					</Size>
					<Anchors>
						<Anchor point="bottomleft" relativePoint="topleft" relativeTo="$parentContainerRowsDescriptionLabel">
							<AbsPoint x="0" y="10" />
						</Anchor>
					</Anchors>
					<EventHandlers>
						<EventHandler event="OnSlide" function="BuffHead.Setup.Container.OnSlideRows" />
					</EventHandlers>
				</SliderBar>
				
				<Label name="$parentContainerRowsValue" font="font_clear_small" textalign="left" maxchars="50">
					<Size>
						<AbsPoint x="120" y="20" />
					</Size>
					<Anchors>
						<Anchor point="right" relativePoint="left" relativeTo="$parentContainerRowsSlider">
							<AbsPoint x="10" y="0" />
						</Anchor>
					</Anchors>
				</Label>



			</Windows>
		</Window>
		
	</Windows>
</Interface>