<Interface xmlns:xsi="http://wutf-8.org/2001/XMLSchema-instance" xsi:noNamespaceSchemaLocation="../../Interface.xsd">
	<Windows>
	
		<Window name="BuffHeadSetupPriorityEffectsItemRowTemplate">
			<Size>
				<AbsPoint x="415" y="30" />
			</Size>
			<Windows>
				<FullResizeImage name="$parentBackground" inherits="EA_FullResizeImage_TintableSolidBackground" handleinput="false">
					<Size>
						<AbsPoint x="415" y="30" />
					</Size>
					<Anchors>
						<Anchor>
							<Anchor point="topleft" relativePoint="topleft" relativeTo="" />
							<Anchor point="bottomright" relativePoint="bottomright" relativeTo="" />
						</Anchor>
					</Anchors>
				</FullResizeImage>
				<Label name="$parentText" font="font_clear_small" handleinput="false" textalign="leftcenter" wordwrap="true">
					<Size>
						<AbsPoint x="300" y="30" />
					</Size>
					<Anchors>
						<Anchor>
							<AbsPoint x="5" y="0" />
						</Anchor>
					</Anchors>
				</Label>
				<Label name="$parentType" font="font_clear_small" handleinput="false" textalign="leftcenter" wordwrap="true">
					<Size>
						<AbsPoint x="90" y="30" />
					</Size>
					<Anchors>
						<Anchor point="right" relativePoint="left" relativeTo="$parentText">
							<AbsPoint x="10" y="0" />
						</Anchor>
					</Anchors>
				</Label>
			</Windows>
			<EventHandlers>
				<EventHandler event="OnLButtonDown" function="BuffHead.Setup.PriorityEffectsItem.OnRowLDown" />
				<EventHandler event="OnLButtonUp" function="BuffHead.Setup.PriorityEffectsItem.OnRowLUp" />
				<EventHandler event="OnRButtonDown" function="BuffHead.Setup.PriorityEffectsItem.OnRowRDown" />
				<EventHandler event="OnRButtonUp" function="BuffHead.Setup.PriorityEffectsItem.OnRowRUp" />
				<EventHandler event="OnMouseOver" function="BuffHead.Setup.PriorityEffectsItem.OnRowMouseOver" />
				<EventHandler event="OnMouseOverEnd" function="BuffHead.Setup.PriorityEffectsItem.OnRowMouseOut" />
			</EventHandlers>
		</Window>
	
		<Window name="BuffHeadSetupPriorityEffectsItemWindow" inherits="EA_Window_Default" movable="false" layer="popup" savesettings="false" scale="1.0">
			<EventHandlers>
				<EventHandler event="OnHidden" function="BuffHead.Setup.PriorityEffectsItem.OnHidden" />
			</EventHandlers>
			<Size>
				<AbsPoint x="620" y="360" />
			</Size>
			<Anchors>
				<Anchor point="center" relativePoint="center" relativeTo="Root">
					<AbsPoint x="0" y="0" />
 				</Anchor>
			</Anchors>
			<Windows>
			
                <Button name="$parentClose" inherits="EA_Button_DefaultWindowClose">
					<Anchors>
						<Anchor point="topright" relativePoint="center" relativeTo="$parent">
							<AbsPoint x="-15" y="15" />
						</Anchor>
					</Anchors>
                    <EventHandlers>
						<EventHandler event="OnLButtonUp" function="BuffHead.Setup.PriorityEffectsItem.OnCloseLUp" />
                    </EventHandlers>
                </Button>
			
				<Window name="$parentBackground" inherits="EA_Window_DefaultBackgroundFrame" handleinput="true">
					<Anchors>
           				<Anchor point="topleft" relativePoint="topleft" relativeTo="$parent" />
           				<Anchor point="bottomright" relativePoint="bottomright" relativeTo="$parent"/>
       				</Anchors>
				</Window>
				
				<Label name="$parentTitleLabel" font="font_default_text" textalign="left" maxchars="35">
					<Size>
						<AbsPoint x="480" y="40" />
					</Size>
					<Anchors>
						<Anchor point="topleft" relativePoint="topleft" relativeTo="$parent">
							<AbsPoint x="20" y="20" />
						</Anchor>
					</Anchors>
				</Label>
				
				<Label name="$parentAbilityIdLabel" font="font_clear_small" textalign="left">
					<Size>
						<AbsPoint x="480" y="20" />
					</Size>
					<Anchors>
						<Anchor point="bottomleft" relativePoint="topleft" relativeTo="$parentTitleLabel">
							<AbsPoint x="20" y="0" />
						</Anchor>
					</Anchors>
				</Label>
				
				<EditBox name="$parentAbilityIdEditBox" inherits="EA_EditBox_DefaultFrame" input="numbers">
					<Size>
						<AbsPoint x="280" y="32"/>
					</Size>
					<Anchors>
						<Anchor point="bottomleft" relativePoint="topleft" relativeTo="$parentAbilityIdLabel">
							<AbsPoint x="20" y="10"/>
						</Anchor>
					</Anchors>
					<EventHandlers>
						<EventHandler event="OnTextChanged" function="BuffHead.Setup.PriorityEffectsItem.OnAbilityIdChanged" />
					</EventHandlers>
				</EditBox>
				
				<Label name="$parentTargetTypeLabel" font="font_clear_small" textalign="left">
					<Size>
						<AbsPoint x="480" y="20" />
					</Size>
					<Anchors>
						<Anchor point="bottomleft" relativePoint="topleft" relativeTo="$parentAbilityIdEditBox">
							<AbsPoint x="-20" y="20" />
						</Anchor>
					</Anchors>
				</Label>
									
				<Window name="$parentTargetTypeSelf" inherits="EA_LabelCheckButton">
					<Size>
						<AbsPoint x="25" y="25" />
					</Size>
					<Anchors>
						<Anchor point="bottomleft" relativePoint="topleft" relativeTo="$parentTargetTypeLabel">
							<AbsPoint x="20" y="10"/>
						</Anchor>
					</Anchors>
					<EventHandlers>
						<EventHandler event="OnLButtonUp" function="BuffHead.Setup.PriorityEffectsItem.OnTargetTypeLUp" />
					</EventHandlers>
				</Window>
				
				<Label name="$parentTargetTypeSelfCheckboxLabel" font="font_clear_small" textalign="left">
					<Size>
						<AbsPoint x="280" y="20" />
					</Size>
					<Anchors>
						<Anchor point="right" relativePoint="left" relativeTo="$parentTargetTypeSelf">
							<AbsPoint x="10" y="0" />
						</Anchor>
					</Anchors>
				</Label>
									
				<Window name="$parentTargetTypeGroup" inherits="EA_LabelCheckButton">
					<Size>
						<AbsPoint x="25" y="25" />
					</Size>
					<Anchors>
						<Anchor point="bottomleft" relativePoint="topleft" relativeTo="$parentTargetTypeSelf">
							<AbsPoint x="0" y="10"/>
						</Anchor>
					</Anchors>
					<EventHandlers>
						<EventHandler event="OnLButtonUp" function="BuffHead.Setup.PriorityEffectsItem.OnTargetTypeLUp" />
					</EventHandlers>
				</Window>
				
				<Label name="$parentTargetTypeGroupCheckboxLabel" font="font_clear_small" textalign="left">
					<Size>
						<AbsPoint x="280" y="20" />
					</Size>
					<Anchors>
						<Anchor point="right" relativePoint="left" relativeTo="$parentTargetTypeGroup">
							<AbsPoint x="10" y="0" />
						</Anchor>
					</Anchors>
				</Label>
									
				<Window name="$parentTargetTypeFriendly" inherits="EA_LabelCheckButton">
					<Size>
						<AbsPoint x="25" y="25" />
					</Size>
					<Anchors>
						<Anchor point="bottomleft" relativePoint="topleft" relativeTo="$parentTargetTypeGroup">
							<AbsPoint x="0" y="10"/>
						</Anchor>
					</Anchors>
					<EventHandlers>
						<EventHandler event="OnLButtonUp" function="BuffHead.Setup.PriorityEffectsItem.OnTargetTypeLUp" />
					</EventHandlers>
				</Window>
				
				<Label name="$parentTargetTypeFriendlyCheckboxLabel" font="font_clear_small" textalign="left">
					<Size>
						<AbsPoint x="280" y="20" />
					</Size>
					<Anchors>
						<Anchor point="right" relativePoint="left" relativeTo="$parentTargetTypeFriendly">
							<AbsPoint x="10" y="0" />
						</Anchor>
					</Anchors>
				</Label>
									
				<Window name="$parentTargetTypeHostile" inherits="EA_LabelCheckButton">
					<Size>
						<AbsPoint x="25" y="25" />
					</Size>
					<Anchors>
						<Anchor point="bottomleft" relativePoint="topleft" relativeTo="$parentTargetTypeFriendly">
							<AbsPoint x="0" y="10"/>
						</Anchor>
					</Anchors>
					<EventHandlers>
						<EventHandler event="OnLButtonUp" function="BuffHead.Setup.PriorityEffectsItem.OnTargetTypeLUp" />
					</EventHandlers>
				</Window>
				
				<Label name="$parentTargetTypeHostileCheckboxLabel" font="font_clear_small" textalign="left">
					<Size>
						<AbsPoint x="280" y="20" />
					</Size>
					<Anchors>
						<Anchor point="right" relativePoint="left" relativeTo="$parentTargetTypeHostile">
							<AbsPoint x="10" y="0" />
						</Anchor>
					</Anchors>
				</Label>

				<Button name="$parentApplyButton" inherits="EA_Button_DefaultResizeable">
					<Size>
						<AbsPoint x="200" y="40" />
					</Size>
					<Anchors>
						<Anchor point="bottomright" relativePoint="bottomright" relativeTo="$parent">
							<AbsPoint x="-20" y="-20"/>
						</Anchor>
					</Anchors>
					<EventHandlers>
						<EventHandler event="OnLButtonUp" function="BuffHead.Setup.PriorityEffectsItem.OnApplyLClick" />
					</EventHandlers>
				</Button>
				
				<Button name="$parentCreateButton" inherits="EA_Button_DefaultResizeable">
					<Size>
						<AbsPoint x="140" y="40" />
					</Size>
					<Anchors>
						<Anchor point="topleft" relativePoint="topright" relativeTo="$parentApplyButton" />
					</Anchors>
					<EventHandlers>
						<EventHandler event="OnLButtonUp" function="BuffHead.Setup.PriorityEffectsItem.OnCreateLClick" />
					</EventHandlers>
				</Button>
				
			</Windows>
		</Window>
		
	</Windows>
</Interface>