<Interface xmlns:xsi="http://wutf-8.org/2001/XMLSchema-instance" xsi:noNamespaceSchemaLocation="../../Interface.xsd">

	<Assets>
		<Texture name="bannerTinted" file="ui/textures/banner3.tga"/>
		<Texture name="statsBackground" file="ui/textures/statsBackground4.tga"/>
		<Texture name="queueBackground" file="ui/textures/queueStatusBackground3.tga"/>
	</Assets>

	<Windows>
	
		<!-- OVERVIEW WINDOW: BEGIN -->
		<Window name="SoloqOverviewWindow" layer="background" movable="true" handleinput="true" sticky="false" savesettings="true" >
		
			<Size> <AbsPoint x="400" y="300" /> </Size>
            <Anchors>
                <Anchor point="center" relativePoint="center" relativeTo="Root">
                    <AbsPoint x="0" y="0" />
                </Anchor>
            </Anchors>
			
			<Windows>

				<!-- HEADER CONTAINER: BEGIN -->
				<Window name="$parentHeader" layer="default" movable="false" handleinput="false" >
				
					<Size> <AbsPoint x="400" y="60" /> </Size>
					<Anchors> <Anchor point="top" relativePoint="top" relativeTo="$parent"> <AbsPoint x="0" y="0" /> </Anchor> </Anchors>

					<Windows>
					
						<!-- HEADER BACKGROUND: BEGIN -->
						<DynamicImage name="$parentSelectedTarget" layer="background" texture="bannerTinted" handleinput="false" alpha="1">
							<Anchors>
								<Anchor point="topleft" relativePoint="topleft" relativeTo="$parent"/>
								<Anchor point="bottomright" relativePoint="bottomright" relativeTo="$parent"/>
							</Anchors>
						</DynamicImage>
						<!-- HEADER BACKGROUND: END -->

						<!-- HEADER QUEUED PLAYERS LABEL: BEGIN -->
						<Label name="$parentQueuedPlayersLabel" font="font_clear_medium_bold" textalign="left" handleinput="false" maxchars="100" layer="default">
							<Size> <AbsPoint x="300" y="20" /> </Size>
							<Anchors> <Anchor point="left" relativePoint="left" relativeTo="$parent"> <AbsPoint x="6" y="12" /> </Anchor> </Anchors>
							<EventHandlers>
								<EventHandler event="OnHyperLinkRButtonUp" function="EA_ChatWindow.OnHyperLinkRButtonUp" />
							</EventHandlers>
						</Label>
						<!-- HEADER QUEUED PLAYERS LABEL: END -->

						<!-- HEADER ACTIVE GAMES LABEL: BEGIN -->
						<Label name="$parentActiveGamesLabel" font="font_clear_medium_bold" textalign="left" handleinput="false" maxchars="100" layer="default">
							<Size> <AbsPoint x="300" y="20" /> </Size>
							<Anchors> <Anchor point="left" relativePoint="left" relativeTo="$parent"> <AbsPoint x="6" y="-12" /> </Anchor> </Anchors>
						</Label>
						<!-- HEADER QUEUED PLAYERS LABEL: END -->	

					</Windows>
				
				</Window>
				<!-- HEADER CONTAINER: END -->


				<!-- Topright Close Button: BEGIN -->
				<Button name="$parentCloseButton" inherits="EA_Button_DefaultWindowClose" layer="popup" handleinput="true" texturescale="0.85" >
					<Size> <AbsPoint x="26" y="26"/> </Size>
					<Anchors> <Anchor point="topright" relativePoint="center" relativeTo="$parentHeader"> <AbsPoint x="-13" y="7" /> </Anchor> </Anchors>
					<EventHandlers>
						<EventHandler event="OnLButtonUp" function="Soloq.hideOverviewWindow" />
					</EventHandlers>
				</Button>
				<!-- Topright Close Button: END -->


				<!-- HEADER UNDERLINE: BEGIN -->
				<FullResizeImage name="$parentUnderline" inherits="EA_FullResizeImage_TintableSolidBackground" handleinput="true" layer="default" alpha="1">
					<Anchors>
						<Anchor point="bottom" relativePoint="top" relativeTo="$parentHeader" />
					</Anchors>
					<Size> <AbsPoint x="400" y="2" /> </Size>
					<TintColor r="0" g="0" b="0" />
				</FullResizeImage>
				<!-- HEADER UNDERLINE: END -->


				<!-- STATS CONTAINER: BEGIN -->
				<Window name="$parentStats" handleinput="true" popable="false" layer="default" movable="false">

					<Size> <AbsPoint x="190" y="270" /> </Size>
					<Anchors> 
						<Anchor point="bottomleft" relativePoint="topleft" relativeTo="$parentUnderline">
						<AbsPoint x="0" y="0" />
						</Anchor>
					</Anchors>

					<Windows>

						<!-- STATS CONTAINER BACKGROUND: BEGIN -->
						<DynamicImage name="$parentBackgroundImage" layer="background" texture="statsBackground" handleinput="true">
							<Anchors>
								<Anchor point="topleft" relativePoint="topleft" relativeTo="$parent"/>
								<Anchor point="bottomright" relativePoint="bottomright" relativeTo="$parent"/>
							</Anchors>
						</DynamicImage>
						<!-- STATS CONTAINER BACKGROUND: END -->

						<!-- PLAYER NAME LABEL: BEGIN  inherits="TOKTitleSmall" -->
                        <Label name="$parentPlayerName" font="font_clear_large_bold" autoresize="true" textalign="center" maxchars="16" layer="popup" >
                            <Size> <AbsPoint x="190" /> </Size>
                            <Color r="178" g="255" b="116" />
                            <Anchors>
                                <Anchor point="topleft" relativePoint="topleft" relativeTo="$parent">
                                    <AbsPoint x="0" y="20"/>
                                </Anchor>
                            </Anchors>
                        </Label>
						<!-- PLAYER NAME LABEL: END -->

						<!-- PLAYER WINRATE LABEL: BEGIN -->
						<Label name="$parentPlayerWinrate" font="font_clear_medium_bold" textalign="center" handleinput="false" maxchars="100" layer="default">
							<Size> <AbsPoint x="184" y="20" /> </Size>
							<Anchors> <Anchor point="topleft" relativePoint="topleft" relativeTo="$parent"> <AbsPoint x="6" y="44" /> </Anchor> </Anchors>
						</Label>
						<!-- PLAYER WINRATE LABEL: END -->


						<!-- MMR LABEL: BEGIN -->
						<Label name="$parentPlayerMMR" font="font_clear_medium_bold" textalign="center" handleinput="false" maxchars="100" layer="default">
							<Size> <AbsPoint x="190" y="20" /> </Size>
							<Color r="255" g="204" b="102" />
							<Anchors> <Anchor point="topleft" relativePoint="topleft" relativeTo="$parent"> <AbsPoint x="6" y="98" /> </Anchor> </Anchors>
						</Label>
						<!-- MMR LABEL: END -->

						<!-- MMR SOLO: BEGIN -->
						<Label name="$parentPlayerMMRSoloText" font="font_clear_medium_bold" textalign="left" handleinput="false" maxchars="100" layer="default">
							<Size> <AbsPoint x="190" y="20" /> </Size>
							<Anchors> <Anchor point="topleft" relativePoint="topleft" relativeTo="$parent"> <AbsPoint x="6" y="118" /> </Anchor> </Anchors>
						</Label>
						<Label name="$parentPlayerMMRSoloValue" font="font_clear_medium_bold" textalign="center" handleinput="false" maxchars="100" layer="default">
							<Size> <AbsPoint x="190" y="20" /> </Size>
							<Anchors> <Anchor point="topleft" relativePoint="topleft" relativeTo="$parent"> <AbsPoint x="6" y="118" /> </Anchor> </Anchors>
						</Label>
						<Label name="$parentPlayerMMRSoloNet" font="font_clear_medium" textalign="right" handleinput="false" maxchars="100" layer="default">
							<Size> <AbsPoint x="180" y="20" /> </Size>
							<Anchors> <Anchor point="topleft" relativePoint="topleft" relativeTo="$parent"> <AbsPoint x="6" y="118" /> </Anchor> </Anchors>
							<EventHandlers>
								<EventHandler event="OnHyperLinkRButtonUp" function="EA_ChatWindow.OnHyperLinkRButtonUp" />
							</EventHandlers>
						</Label>
						<!-- MMR SOLO: END -->


						<!-- MMR GROUP : BEGIN -->
						<Label name="$parentPlayerMMRGroupText" font="font_clear_medium_bold" textalign="left" handleinput="false" maxchars="100" layer="default">
							<Size> <AbsPoint x="190" y="20" /> </Size>
							<Anchors> <Anchor point="topleft" relativePoint="topleft" relativeTo="$parent"> <AbsPoint x="6" y="138" /> </Anchor> </Anchors>
						</Label>
						<Label name="$parentPlayerMMRGroupValue" font="font_clear_medium_bold" textalign="center" handleinput="false" maxchars="100" layer="default">
							<Size> <AbsPoint x="190" y="20" /> </Size>
							<Anchors> <Anchor point="topleft" relativePoint="topleft" relativeTo="$parent"> <AbsPoint x="6" y="138" /> </Anchor> </Anchors>
						</Label>
						<Label name="$parentPlayerMMRGroupNet" font="font_clear_medium" textalign="right" handleinput="false" maxchars="100" layer="default">
							<Size> <AbsPoint x="180" y="20" /> </Size>
							<Anchors> <Anchor point="topleft" relativePoint="topleft" relativeTo="$parent"> <AbsPoint x="6" y="138" /> </Anchor> </Anchors>
							<EventHandlers>
								<EventHandler event="OnHyperLinkRButtonUp" function="EA_ChatWindow.OnHyperLinkRButtonUp" />
							</EventHandlers>
						</Label>
						<!-- PLAYER: END -->

						<!-- RECORDED GAMES LABEL: BEGIN -->
						<Label name="$parentPlayerRecordedText" font="font_clear_medium_bold" textalign="left" handleinput="false" maxchars="100" layer="default">
							<Size> <AbsPoint x="190" y="20" /> </Size>
							<Anchors> <Anchor point="topleft" relativePoint="topleft" relativeTo="$parent"> <AbsPoint x="6" y="182" /> </Anchor> </Anchors>
							<!-- <Color r="197" g="59" b="0" />	 -->
						</Label>
						<Label name="$parentPlayerRecordedValue" font="font_clear_medium_bold" textalign="right" handleinput="false" maxchars="100" layer="default">
							<Size> <AbsPoint x="180" y="20" /> </Size>
							<Anchors> <Anchor point="topleft" relativePoint="topleft" relativeTo="$parent"> <AbsPoint x="6" y="182" /> </Anchor> </Anchors>
						</Label>
						<!-- RECORDED GAMES LABEL: END -->

						<!-- GAMES WON: BEGIN -->
						<Label name="$parentPlayerGamesWonText" font="font_clear_medium_bold" textalign="left" handleinput="false" maxchars="100" layer="default">
							<Size> <AbsPoint x="190" y="20" /> </Size>
							<Anchors> <Anchor point="topleft" relativePoint="topleft" relativeTo="$parent"> <AbsPoint x="6" y="205" /> </Anchor> </Anchors>
						</Label>
						<Label name="$parentPlayerGamesWonValue" font="font_clear_medium_bold" textalign="right" handleinput="false" maxchars="100" layer="default">
							<Size> <AbsPoint x="180" y="20" /> </Size>
							<Anchors> <Anchor point="topleft" relativePoint="topleft" relativeTo="$parent"> <AbsPoint x="6" y="204" /> </Anchor> </Anchors>
						</Label>
						<!-- GAMES WON: END -->

						<!-- GAMES LOST: BEGIN -->
						<Label name="$parentPlayerGamesLostText" font="font_clear_medium_bold" textalign="left" handleinput="false" maxchars="100" layer="default">
							<Size> <AbsPoint x="190" y="20" /> </Size>
							<Anchors> <Anchor point="topleft" relativePoint="topleft" relativeTo="$parent"> <AbsPoint x="6" y="226" /> </Anchor> </Anchors>
						</Label>
						<Label name="$parentPlayerGamesLostValue" font="font_clear_medium_bold" textalign="right" handleinput="false" maxchars="100" layer="default">
							<Size> <AbsPoint x="180" y="20" /> </Size>
							<Anchors> <Anchor point="topleft" relativePoint="topleft" relativeTo="$parent"> <AbsPoint x="6" y="226" /> </Anchor> </Anchors>
						</Label>
						<!-- GAMES LOST: END -->

						<!-- GAMES DRAWN: BEGIN -->
						<Label name="$parentPlayerGamesDrawnText" font="font_clear_medium_bold" textalign="left" handleinput="false" maxchars="100" layer="default">
							<Size> <AbsPoint x="190" y="20" /> </Size>
							<Anchors> <Anchor point="topleft" relativePoint="topleft" relativeTo="$parent"> <AbsPoint x="6" y="248" /> </Anchor> </Anchors>
						</Label>
						<Label name="$parentPlayerGamesDrawnValue" font="font_clear_medium_bold" textalign="right" handleinput="false" maxchars="100" layer="default">
							<Size> <AbsPoint x="180" y="20" /> </Size>
							<Anchors> <Anchor point="topleft" relativePoint="topleft" relativeTo="$parent"> <AbsPoint x="6" y="248" /> </Anchor> </Anchors>
						</Label>
						<!-- GAMES DRAWN: END -->

					</Windows>

				</Window>
				<!-- STATS CONTAINER: END -->	


				<!-- QUEUE STATUS CONTAINER: BEGIN -->
				<Window name="$parentQueueStatus" handleinput="true" popable="false" layer="default" movable="false">

					<Size> <AbsPoint x="208" y="180" /> </Size>

					<Anchors> 
						<Anchor point="bottomright" relativePoint="topright" relativeTo="$parentUnderline">
						<AbsPoint x="0" y="0" />
						</Anchor>
					</Anchors>

					<Windows>


                        <!-- QUEUE STATUS  Close Button: BEGIN -->
                        <Button name="$parentCloseButton" inherits="EA_Button_DefaultWindowClose" layer="popup" handleinput="true" texturescale="0.85" >
                            <Size> <AbsPoint x="26" y="26"/> </Size>
                            <Anchors> <Anchor point="topright" relativePoint="center" relativeTo="$parent"> <AbsPoint x="-13" y="7" /> </Anchor> </Anchors>
                            <EventHandlers>
                                <EventHandler event="OnLButtonUp" function="Soloq.hideOverviewWindow" />
                            </EventHandlers>
                        </Button>
                        <!-- QUEUE STATUS  Close Button: END -->

						<!-- QUEUE STATUS BACKGROUND IMAGE: BEGIN -->
						<DynamicImage name="$parentBackgroundImage" layer="background" texture="queueBackground" handleinput="true" alpha="1">
							<Anchors>
								<Anchor point="topleft" relativePoint="topleft" relativeTo="$parent"/>
								<Anchor point="bottomright" relativePoint="bottomright" relativeTo="$parent"/>
							</Anchors>
						</DynamicImage>
						<!-- QUEUE STATUS BACKGROUND IMAGE: END -->


						<!-- QUEUE STATUS LABEL: BEGIN -->
                        <Label name="$parentText" font="font_clear_large_bold" autoresize="true" textalign="center" maxchars="20" layer="popup" >
                            <Size> <AbsPoint x="208" /> </Size>
                            <!-- <Color r="178" g="255" b="116" /> -->
                            <Anchors>
                                <Anchor point="top" relativePoint="top" relativeTo="$parent">
                                    <AbsPoint x="0" y="18"/>
                                </Anchor>
                            </Anchors>
                        </Label>
						<!-- QUEUE STATUS LABEL: END -->

						<!-- TANK LABEL: BEGIN  -->
                        <Label name="$parentOrderTankValue" font="font_clear_large_bold" autoresize="true" textalign="center" maxchars="4" layer="popup" >
                            <Size> <AbsPoint x="208" /> </Size>
                            <Anchors>
                                <Anchor point="top" relativePoint="top" relativeTo="$parent">
                                    <AbsPoint x="-58" y="130"/>
                                </Anchor>
                            </Anchors>
                        </Label>

                        <Label name="$parentTankText" font="font_clear_medium_bold" autoresize="true" textalign="center" maxchars="4" layer="popup" >
                            <Size> <AbsPoint x="208" /> </Size>
                            <Anchors>
                                <Anchor point="top" relativePoint="top" relativeTo="$parent">
                                    <AbsPoint x="-58" y="100"/>
                                </Anchor>
                            </Anchors>
                        </Label>
						
                        <Label name="$parentDestroTankValue" font="font_clear_large_bold" autoresize="true" textalign="center" maxchars="4" layer="popup" >
                            <Size> <AbsPoint x="208" /> </Size>
                            <Anchors>
                                <Anchor point="top" relativePoint="top" relativeTo="$parent">
                                    <AbsPoint x="-58" y="68"/>
                                </Anchor>
                            </Anchors>
                        </Label>
						<!-- TANK LABEL: END -->

						<!-- DPS LABEL: BEGIN  -->
                        <Label name="$parentDestroDpsValue" font="font_clear_large_bold" autoresize="true" textalign="center" maxchars="4" layer="popup" >
                            <Size> <AbsPoint x="208" /> </Size>
                            <Anchors>
                                <Anchor point="top" relativePoint="top" relativeTo="$parent">
                                    <AbsPoint x="2" y="68"/>
                                </Anchor>
                            </Anchors>
                        </Label>

                        <Label name="$parentDpsText" font="font_clear_medium_bold" autoresize="true" textalign="center" maxchars="4" layer="popup" >
                            <Size> <AbsPoint x="208" /> </Size>
                            <Anchors>
                                <Anchor point="top" relativePoint="top" relativeTo="$parent">
                                    <AbsPoint x="2" y="100"/>
                                </Anchor>
                            </Anchors>
                        </Label>

                        <Label name="$parentOrderDpsValue" font="font_clear_large_bold" autoresize="true" textalign="center" maxchars="4" layer="popup" >
                            <Size> <AbsPoint x="208" /> </Size>
                            <Anchors>
                                <Anchor point="top" relativePoint="top" relativeTo="$parent">
                                    <AbsPoint x="2" y="130"/>
                                </Anchor>
                            </Anchors>
                        </Label>						
						<!-- DPS LABEL: END -->

						<!-- HEAL LABEL: BEGIN  -->
                        <Label name="$parentDestroHealValue" font="font_clear_large_bold" autoresize="true" textalign="center" maxchars="4" layer="popup" >
                            <Size> <AbsPoint x="208" /> </Size>
                            <Anchors>
                                <Anchor point="top" relativePoint="top" relativeTo="$parent">
                                    <AbsPoint x="62" y="68"/>
                                </Anchor>
                            </Anchors>
                        </Label>

                        <Label name="$parentHealText" font="font_clear_medium_bold" autoresize="true" textalign="center" maxchars="4" layer="popup" >
                            <Size> <AbsPoint x="208" /> </Size>
                            <Anchors>
                                <Anchor point="top" relativePoint="top" relativeTo="$parent">
                                    <AbsPoint x="62" y="100"/>
                                </Anchor>
                            </Anchors>
                        </Label>

                        <Label name="$parentOrderHealValue" font="font_clear_large_bold" autoresize="true" textalign="center" maxchars="4" layer="popup" >
                            <Size> <AbsPoint x="208" /> </Size>
                            <Anchors>
                                <Anchor point="top" relativePoint="top" relativeTo="$parent">
                                    <AbsPoint x="62" y="130"/>
                                </Anchor>
                            </Anchors>
                        </Label>
						<!-- HEAL LABEL: END -->
						
                        <!-- CONFIG BUTTON: BEGIN  -->
                        <Button name="$parentAddButton" inherits="EA_Button_DefaultPlus">
                            <Anchors>
                                <Anchor point="bottomright" relativePoint="bottomright" relativeTo="$parent">
                                    <AbsPoint x="-5" y="-5"/>
                                </Anchor>
                            </Anchors>
                            <EventHandlers>
                                <EventHandler event="OnMouseOver" function="Soloq.showTooltip"/>
                                <EventHandler event="OnLButtonUp" function="Soloq.alternateDisplayModes" />
                                <EventHandler event="OnRButtonDown" function="Soloq.clearMmrCache" /> 
                            </EventHandlers>
                        </Button>
                        <!-- CONFIG BUTTON: END  -->

					</Windows>

				</Window>
				<!-- QUEUE STATUS CONTAINER: END -->			

				<!-- QUEUE STATUS LEFT BORDER: BEGIN -->
				<FullResizeImage name="$parentQueueStatusLeftBorder" inherits="EA_FullResizeImage_TintableSolidBackground" movable="false" handleinput="false" layer="default" alpha="1">
					<Anchors>
						<Anchor point="left" relativePoint="right" relativeTo="$parentQueueStatus" />
					</Anchors>
					<Size> <AbsPoint x="2" y="182" /> </Size>
					<TintColor r="0" g="0" b="0" />
				</FullResizeImage>
				<!-- QUEUE STATUS LEFT BORDER: BEGIN -->
				
				
			</Windows>

		</Window>
		<!-- OVERVIEW WINDOW: END -->
		
	</Windows>
</Interface>