<?xml version="1.0" encoding="utf-8"?>
<!--
Queue Queuer
Warhammer Online: Age of Reckoning UI modification that simplifies warband
scenario queueing with other scenario-oriented features as well.
    
Copyright (C) 2008-2010  Dillon "Rhekua" DeLoss
rhekua@msn.com		    www.rhekua.com

This program is free software: you can redistribute it and/or modify
it under the terms of the GNU General Public License as published by
the Free Software Foundation, either version 3 of the License, or
(at your option) any later version.

This program is distributed in the hope that it will be useful,
but WITHOUT ANY WARRANTY; without even the implied warranty of
MERCHANTABILITY or FITNESS FOR A PARTICULAR PURPOSE.  See the
GNU General Public License for more details.

You should have received a copy of the GNU General Public License
along with this program.  If not, see <http://www.gnu.org/licenses/>.
-->
<Interface xmlns:xsi="http://www.w3.org/2001/XMLSchema-instance" xsi:noNamespaceSchemaLocation="../../Interface.xsd">
  <Scripts>
    <Script file="QueueQueuer_GUI_TabAbout.lua" />
  </Scripts>
  <Windows>

        <Window name="QueueQueuer_GUI_TabAboutSocket" movable="false">
            <Anchors>
                <Anchor point="topleft" relativePoint="topleft" relativeTo="QueueQueuer_GUI_Socket">
                    <AbsPoint x="0" y="0"/>
                </Anchor>
                <Anchor point="bottomright" relativePoint="bottomright" relativeTo="QueueQueuer_GUI_Socket">
                    <AbsPoint x="0" y="0"/>
                </Anchor>
            </Anchors>
            <EventHandlers>
                <EventHandler event="OnInitialize" function="QueueQueuer_GUI_TabAbout.OnInitialize" />
                <EventHandler event="OnShutdown" function="QueueQueuer_GUI_TabAbout.OnShutdown" />
            </EventHandlers>
		<Windows>

        <Label name="$parent_AboutLabel" font="font_chat_text" wordwrap="true" maxchars="1024" textalign="center">
          <Size>
            <AbsPoint x="770" y="310" />
          </Size>
          <Anchors>
            <Anchor point="topleft" relativePoint="topleft" relativeTo="$parent">
              <AbsPoint x="20" y="5" />
            </Anchor>
          </Anchors>
        </Label>

	</Windows>
	
	</Window>

  </Windows>
</Interface>
