<Interface xmlns:xsi="http://www.w3.org/2001/XMLSchema-instance">
    <Windows>
        <Label name="CombatTextNames_Window_EventTextLabel" font="font_clear_large_bold" maxchars="32" textalign="center" layer="default" autoresize="false" sticky="false" handleinput="false" wordwrap="false" ignoreFormattingTags="true">
            <Size>
                <AbsPoint x="400" y="100" />
            </Size>
            <Color r="255" g="255" b="255" a="255" />
        </Label>
    </Windows>
</Interface>
