<?xml version="1.0" encoding="UTF-8"?>
<Interface
    xmlns:xsi="http://www.w3.org/2001/XMLSchema-instance" xsi:noNamespaceSchemaLocation="../../Interface.xsd">
    <Windows>
	
        <Window name="FriendsKilledBy" inherits="EA_Window_Default" handleinput="false" movable="true" savesettings="true" layer="popup" >
		
            <Size>
                <AbsPoint x="900" y="30" />
            </Size>
			
            <Anchors>
                <Anchor point="top" relativePoint="top" relativeTo="Root">
                    <AbsPoint x="0" y="-140" />
                </Anchor>
            </Anchors>
			
            <Windows>
			
                <Label name="$parentText" textalign="center" font="font_clear_large_bold" handleinput="false">
                    <EventHandlers>
                        <EventHandler event="OnHyperLinkLButtonUp" function="EA_ChatWindow.OnHyperLinkLButtonUp" />
                        <EventHandler event="OnHyperLinkRButtonUp" function="EA_ChatWindow.OnHyperLinkRButtonUp" />
                    </EventHandlers>
                    <Anchors>
                        <Anchor point="topleft" relativePoint="topleft" />
                        <Anchor point="bottomright" relativePoint="bottomright" />
                    </Anchors>
                </Label>
				
				<!--
				<Label name="$parentPlayer" font="font_clear_large_bold" autoresize="true" textalign="center" layer="default"  handleinput="false"><Size><AbsPoint x="100" y="30" /></Size><Anchors><Anchor point="left" relativePoint="center" relativeTo="$parent"><AbsPoint x="0" y="0" /></Anchor></Anchors><Color r="255" g="25" b="25" a="255" /></Label>
				<!-- static " killed " label - -><Label name="$parentKilled" font="font_clear_large_bold" autoresize="true" textalign="center" wordwrap="true"  layer="default"  handleinput="false"><Size><AbsPoint x="100" y="30" /></Size><Anchors><Anchor point="right" relativePoint="left" relativeTo="$parentPlayer"><AbsPoint x="0" y="0" /></Anchor></Anchors><Color r="255" g="255" b="255" a="255" /></Label><Label name="$parentVictim" font="font_clear_large_bold" autoresize="true" textalign="center" wordwrap="true" layer="default"  handleinput="false"><Size><AbsPoint x="100" y="30" /></Size><Anchors><Anchor point="right" relativePoint="left" relativeTo="$parentKilled"><AbsPoint x="0" y="0" /></Anchor></Anchors><Color r="0" g="205" b="255" a="255" /></Label>
				<!-- static " in " label - -><Label name="$parentIn" font="font_clear_large_bold" autoresize="true" textalign="center" wordwrap="true"  layer="default"  handleinput="false"><Size><AbsPoint x="100" y="30" /></Size><Anchors><Anchor point="right" relativePoint="left" relativeTo="$parentVictim"><AbsPoint x="0" y="0" /></Anchor></Anchors><Color r="255" g="255" b="255" a="255" /></Label><Label name="$parentLocation" font="font_clear_large_bold" autoresize="true" textalign="center" wordwrap="true" layer="default"  handleinput="false"><Size><AbsPoint x="100" y="30" /></Size><Anchors><Anchor point="right" relativePoint="left" relativeTo="$parentIn"><AbsPoint x="0" y="0" /></Anchor></Anchors><Color r="169" g="169" b="169" a="255" /></Label> 						
				-->

				</Windows>
				
        </Window>
		
    </Windows>
</Interface>