<?xml version="1.0" encoding="UTF-8"?>
<Interface xmlns:xsi="http://www.w3.org/2001/XMLSchema-instance" xsi:noNamespaceSchemaLocation="../../Interface.xsd">

	<Assets>
		<Texture name="enemy_group_icon_bg" file="textures\group_icon_bg.dds" />
		<Texture name="enemy_group_icon_hp1" file="textures\group_icon_hp1.dds" />
		<Texture name="enemy_group_icon_hp2" file="textures\group_icon_hp2.dds" />
		<Texture name="enemy_group_icon_hp3" file="textures\group_icon_hp3.dds" />
		<Texture name="enemy_group_icon_hp4" file="textures\group_icon_hp4.dds" />
		<Texture name="enemy_group_icon_hp5" file="textures\group_icon_hp5.dds" />
		<Texture name="enemy_group_icon_pet" file="textures\group_icon_pet.dds" />
	</Assets>

	<Windows>
	
		<Window name="EnemyGroupIcon">
			<Size>
				<AbsPoint x="60" y="60" />
			</Size>
			
			<Windows>
				<Window name="$parentContent">
					<Size>
						<AbsPoint x="60" y="60" />
					</Size>
					
					<Anchors>
						<Anchor point="top" relativePoint="top" relativeTo="$parent" />
					</Anchors>
					
					<Windows>
						<DynamicImage name="$parentBackground" texture="enemy_group_icon_bg" handleinput="false">
							<TexCoords x="0" y="0" />
							<TexDims x="60" y="60" />
							
							<Anchors>
								<Anchor point="topleft" relativePoint="topleft" relativeTo="$parent" />
								<Anchor point="bottomright" relativePoint="bottomright" relativeTo="$parent" />
							</Anchors>
						</DynamicImage>
						
						<DynamicImage name="$parentHPBG" texture="enemy_group_icon_hp5" handleinput="false">
							<TexCoords x="0" y="0" />
							<TexDims x="60" y="60" />
							
							<Anchors>
								<Anchor point="topleft" relativePoint="topleft" relativeTo="$parent" />
								<Anchor point="bottomright" relativePoint="bottomright" relativeTo="$parent" />
							</Anchors>
						</DynamicImage>
					
						<DynamicImage name="$parentHP" texture="enemy_group_icon_hp5" handleinput="false">
							<TexCoords x="0" y="0" />
							<TexDims x="60" y="60" />
							
							<Anchors>
								<Anchor point="topleft" relativePoint="topleft" relativeTo="$parent" />
								<Anchor point="bottomright" relativePoint="bottomright" relativeTo="$parent" />
							</Anchors>
						</DynamicImage>
						
						<DynamicImage name="$parentIcon" handleinput="false">
							<TexDims x="32" y="32" />
							<Size>
								<AbsPoint x="30" y="30" />
							</Size>
							<Anchors>
								<Anchor point="center" relativePoint="center" relativeTo="$parent">
									<AbsPoint x="0" y="-3" />
								</Anchor>
							</Anchors>
						</DynamicImage>
					</Windows>
					
					<EventHandlers>
						<EventHandler event="OnLButtonDown" function="Enemy.GroupIcons_GroupIcon_OnLButtonDown" />
					</EventHandlers>
				</Window>
			</Windows>
		</Window>
		
	</Windows>
</Interface>