<? version="1.0" encoding="UTF-8"?>
    <!--
    This application is free software: you can redistribute it and/or modify
    it under the terms of the GNU General Public License as published by
    the Free Software Foundation, either version 3 of the License, or
    (at your option) any later version.
    The applications is distributed in the hope that it will be useful,
    but WITHOUT ANY WARRANTY; without even the implied warranty of
    MERCHANTABILITY or FITNESS FOR A PARTICULAR PURPOSE.  See the
    GNU General Public License for more details.
    You should have received a copy of the GNU General Public License
    along with the applications.  If not, see
    <http://www.gnu.org/licenses/>.
    -->
    <Interface xmlns:xsi="http://www.w3.org/2001/XMLSchema-instance">
    	 <Assets>
	    	<Texture name="Shinies3pxBorder" file="Assets/3px_Border.dds">
	    		<Slice id="Border-Top-Center" left="3" top="0" width="58" height="3" />
	            <Slice id="Border-Top-Left" left="0" top="0" width="3" height="3" />
	            <Slice id="Border-Top-Right" left="64" top="0" width="3" height="3" />
	    		
	            <Slice id="Border-Middle-Center" left="3" top="3" width="58" height="58" />
	            <Slice id="Border-Middle-Left" left="0" top="3" width="3" height="58" />
	            <Slice id="Border-Middle-Right" left="61" top="3" width="3" height="58" />
	            
	            <Slice id="Border-Bottom-Center" left="3" top="61" width="58" height="3" />
	            <Slice id="Border-Bottom-Left" left="0" top="61" width="3" height="3" />
	            <Slice id="Border-Bottom-Right" left="61" top="61" width="3" height="3" />
	    	</Texture>
	    	
	    	<Texture name="ShiniesIconBorderNormal" file="Assets/IconBorderNormal.dds" />
			<Texture name="ShiniesIconBorderHighlight" file="Assets/IconBorderHighlight.dds" />
	
		</Assets>
    </Interface>