<?xml version="1.0" encoding="UTF-8"?>
<Interface xmlns:xsi="http://www.w3.org/2001/XMLSchema-instance" xsi:noNamespaceSchemaLocation="../../Interface.xsd">

	<Assets>
		<Texture name="enemy_guard_big" file="textures\guard_big.dds" />
	</Assets>

	<Windows>
		<DynamicImage name="EnemyGuardDistanceIndicator" savesettings="true" texture="enemy_guard_big">
			<TexCoords x="0" y="0" />
			<TexDims x="150" y="150" />
			
			<Size>
				<AbsPoint x="100" y="100" />
			</Size>
			
			<Anchors>
				<Anchor point="bottomright" relativePoint="topleft" relativeTo="PlayerWindowStatusContainer">
					<AbsPoint x="0" y="30" />
				</Anchor>
			</Anchors>
			
			<Windows>
				<Label name="$parentText" textalign="center" font="font_clear_large_bold" handleinput="false">
					<Anchors>
						<Anchor point="topleft" relativePoint="topleft" />
						<Anchor point="bottomright" relativePoint="bottomright" />
					</Anchors>
				</Label>
			</Windows>
			
			<EventHandlers>
				<EventHandler event="OnMouseOver" function="Enemy.Guard_GuardIndicator_OnMouseOver" />
				<EventHandler event="OnLButtonUp" function="Enemy.Guard_GuardIndicator_OnLButtonUp" />
			</EventHandlers>
		</DynamicImage>
	</Windows>
</Interface>