<? version="1.0" encoding="UTF-8"?>
    <!--
    This application is free software: you can redistribute it and/or modify
    it under the terms of the GNU General Public License as published by
    the Free Software Foundation, either version 3 of the License, or
    (at your option) any later version.
    The applications is distributed in the hope that it will be useful,
    but WITHOUT ANY WARRANTY; without even the implied warranty of
    MERCHANTABILITY or FITNESS FOR A PARTICULAR PURPOSE.  See the
    GNU General Public License for more details.
    You should have received a copy of the GNU General Public License
    along with the applications.  If not, see
    <http://www.gnu.org/licenses/>.
    -->
    <Interface xmlns:xsi="http://www.w3.org/2001/XMLSchema-instance">
        <!--
        Load the textures we do not get from LSA here
        -->
        <Assets>
            <Texture name="PureDebuffHighlight" 	file="Assets/Textures/debuffHighlight.tga"/>
        </Assets>
        <Windows>
        	<Window name="PureFrame" >
        		<Size>
                    <AbsPoint x="0" y="0" />
                </Size>
        		<Windows/>
        	</Window>
        
            <Label name="PureDefaultLabelSmallFont" font="font_chat_text" maxchars="64" textalign="left" autoresize="true" autoresizewidth="true" warnOnTextCropped="false">
                <Size>
                    <AbsPoint x="25" y="0" />
                </Size>
                <Color r="255" g="255" b="255" a="255" />
            </Label>
            <Label name="PureDefaultLabel" font="font_clear_small_bold" maxchars="18" textalign="left" autoresizewidth="false" warnOnTextCropped="false">
                <Size>
                    <AbsPoint x="75" y="20" />
                </Size>
                <Color r="255" g="255" b="255" a="255" />
            </Label>
            <Label name="PureCheckButtonLabel" font="font_chat_text" autoresize="true" autoresizewidth="true" wordwrap="true" maxchars="64" textalign="left" handleinput="false" layer="background" warnOnTextCropped="false">
                <Color r="255" g="255" b="255" a="255" />
            </Label>
            <!-- CHECK BOX WITH SMALL TEXT -->
            <Window name="PureLabelCheckButton">
                <Size>
                    <AbsPoint x="100" y="18" />
                </Size>
                <EventHandlers>
                    <EventHandler event="OnInitialize" function="EA_LabelCheckButton.Initialize" />
                    <EventHandler event="OnLButtonUp" function="EA_LabelCheckButton.Toggle" />
                </EventHandlers>
                <Windows>
                    <Button name="$parentButton" inherits="EA_Button_DefaultCheckBox" handleinput="false">
                        <Anchors>
                            <Anchor point="left" relativePoint="left">
                                <AbsPoint x="0" y="0"/>
                            </Anchor>
                        </Anchors>
                    </Button>
                    <Label name="$parentLabel" inherits="PureCheckButtonLabel" handleinput="false" warnOnTextCropped="false">
                        <Size>
                            <AbsPoint x="255" y="16" />
                        </Size>
                        <Anchors>
                            <Anchor point="topright" relativePoint="topleft" relativeTo="$parentButton">
                                <AbsPoint x="5" y="3" />
                            </Anchor>
                        </Anchors>
                        <Color r="255" g="255" b="255" a="255" />
                    </Label>
                </Windows>
            </Window>
            
            <Window name="PureEffectIcon" movable="false" savesettings="false">
                <Size>
                    <AbsPoint x="32" y="32" />
                </Size>
                <EventHandlers>
                    <EventHandler event="OnMouseOver" function="PureEffect.OnMouseOver" />
                    <EventHandler event="OnMouseOverEnd" function="PureEffect.OnMouseOverEnd" />
                    <EventHandler event="OnRButtonUp" function="PureEffect.OnRButtonUp" />
                </EventHandlers>
                <Windows>
                	<DynamicImage name="$parentBorder" texture="EA_BuffFrames01" slice="Neutral-Frame" handleinput="false" layer="default" >
	                    <Size>
	                        <AbsPoint x="32" y="32" />
	                    </Size>
	                    <TexDims x="64" y="64" />
	                    <Anchors>
	                        <Anchor point="center" relativePoint="center">
	                            <AbsPoint x="0" y="0" />
	                        </Anchor>
	                    </Anchors>
	                </DynamicImage>
	                
                    
                    <DynamicImage name="$parentIcon" filtering="true" handleinput="false" layer="background">
                        <Size>
                            <AbsPoint x="32" y="32" />
                        </Size>
                        <TexDims x="64" y="64" />
                        <Anchors>
                            <Anchor point="center" relativePoint="center" relativeTo="$parent"/>
                        </Anchors>
                    </DynamicImage>
                    
                    <CooldownDisplay name="$parentSpinner" handleinput="false">
	                    <Size>
                            <AbsPoint x="32" y="32" />
                        </Size>
	                    <Anchors>
	                        <Anchor point="center" relativePoint="center" relativeTo="$parent"/>
	                    </Anchors>
	                    <Windows>
	                        <Label name="$parentTimer" handleinput="false" layer="secondary" font="font_clear_small_bold" maxchars="3" textalign="center" textAutoFitMinScale=".50" warnOnTextCropped="false">
		                        <Size>
		                            <AbsPoint x="32" y="20" />
		                        </Size>
		                        <Anchors>
		                            <Anchor point="bottom" relativePoint="bottom" relativeTo="$parent">
		                                <AbsPoint x="0" y="0" />
		                            </Anchor>
		                        </Anchors>
		                    </Label>
	                    </Windows>
	                </CooldownDisplay>
                </Windows>
            </Window>
            
            <Button name="Pure_Button_DefaultMenuButton" font="font_default_text"  textalign="left" >
	            <Size>
	                <AbsPoint x="370" y="29" />
	            </Size>
	            <TextColors>
	                <Normal r="255" g="255" b="255" a="255" />
	                <NormalHighlit r="250" g="213" b="63" a="255" />
	                <Pressed r="250" g="213" b="63" a="255" />
	                <PressedHighlit r="250" g="213" b="63" a="255" />
	                <Disabled r="92" g="92" b="92" a="255" />
	            </TextColors>
	            <ResizeImages>
	                <NormalHighlit def="EA_FullResizeImage_RedTransparent" />
	            </ResizeImages>
	            <TextOffset x="5" y="5" />
	        </Button>
            
            <HorizontalResizeImage name="Pure_HorizontalResizeImage_DefaultComboBox" texture="shared_01">
	            <Size>
	                <AbsPoint x="68" y="28" />
	            </Size>
	            <Sizes left="7" middle="52" right="7" />
	            <TexCoords>
	                <Left x="0" y="0" />
	                <Middle x="7" y="0" />
	                <Right x="59" y="0" />
	            </TexCoords>
	        </HorizontalResizeImage>
	
	        <Button name="Pure_Button_DefaultResizableComboBoxSelected" backgroundtexture="shared_01" highlighttexture="shared_01" font="font_default_text" textalign="left"
	                overlaytexture="shared_01" overlayhighlighttexture="shared_01">
	            <Size>
	                <AbsPoint x="400" y="29" />
	            </Size>
	            <TextColors>
	                <Normal r="255" g="255" b="255" a="255" />
	                <NormalHighlit r="250" g="213" b="63" a="255" />
	                <Pressed r="250" g="213" b="63" a="255" />
	                <PressedHighlit r="250" g="213" b="63" a="255" />
	                <Disabled r="92" g="92" b="92" a="255" />
	            </TextColors>
	            <ResizeImages>
	                <Normal def="Pure_HorizontalResizeImage_DefaultComboBox"  />
	                <NormalHighlit def="Pure_HorizontalResizeImage_DefaultComboBox" />
	                <Pressed def="Pure_HorizontalResizeImage_DefaultComboBox" />
	                <PressedHighlit def="Pure_HorizontalResizeImage_DefaultComboBox" />
	                <Disabled def="Pure_HorizontalResizeImage_DefaultComboBox" />
	            </ResizeImages>
	            <OverlaySize x="27" y="28" />
	            <OverlayOffset x="373" y="0" />
	            <OverlayTexCoords>
	                <Normal x="0" y="28" />
	                <NormalHighlit x="27" y="28" />
	                <Pressed x="0" y="56" />
	                <PressedHighlit x="0" y="56" />
	                <Disabled x="27" y="56" />
	            </OverlayTexCoords>
	            <TextOffset x="5" y="5" />
	        </Button>
	        
            <ComboBox name="Pure_ComboBox_DefaultResizable" selectedbutton="Pure_Button_DefaultResizableComboBoxSelected" 
                            menubackground="EA_Window_ComboBoxMenuBackground" menuitembutton="Pure_Button_DefaultMenuButton" 
                            scrollbar="EA_ScrollBar_DefaultVerticalChain" maxvisibleitems="10" >
	            <Size>
	                <AbsPoint x="400" y="29" />
	            </Size>
	            <MenuButtonOffset x="5" y="5" />
	        </ComboBox>
            
            <ComboBox name="PureComboBox" inherits="EA_ComboBox_DefaultResizable" maxvisibleitems="5"/>
            
            <ComboBox name="PureProfileComboBox_ActiveProfile" inherits="Pure_ComboBox_DefaultResizable" maxvisibleitems="6">
            	<EventHandlers>
                    <EventHandler event="OnSelChanged" function="PureConfig_Profiles_OnActiveProfileChanged" />
                </EventHandlers>
            </ComboBox>
            
            <ComboBox name="PureProfileComboBox_CopyProfile" inherits="Pure_ComboBox_DefaultResizable" maxvisibleitems="6">
            	<EventHandlers>
                    <EventHandler event="OnSelChanged" function="PureConfig_Profiles_OnCopyProfileChanged" />
                </EventHandlers>
            </ComboBox>
            
            <Window name="PureWindowDefault" inherits="EA_Window_Default" savesettings="false"/>
        </Windows>
    </Interface>