<Interface xmlns:xsi="http://www.w3.org/2001/XMLSchema-instance" xsi:noNamespaceSchemaLocation="../../Interface.xsd">

	<Assets>
	
		<Texture name="Statusbar1" file="Textures\Statusbar.dds" />
		<Texture name="Gloss" file="Textures\gloss.dds" />
		<Texture name="Statusbar" file="Textures\highlightTexV.dds" />
		<Texture name="rothTex" file="Textures\rothTex.dds" />
		<Texture name="rothTexV" file="Textures\rothTexV.dds" />
		<Texture name="Statusbar2" file="Textures\statusbar2.dds" />
		
	</Assets>


</Interface>