<?xml version="1.0" encoding="UTF-8"?>
<Interface xmlns:xsi="http://www.w3.org/2001/XMLSchema-instance" xsi:noNamespaceSchemaLocation="../../Interface.xsd">
	<Windows>
	
		<Window name="EnemyKilledBy" inherits="EA_Window_Default" handleinput="false" movable="false" savesettings="true">
			<Size>
				<AbsPoint x="1000" y="50" />
			</Size>
			<Anchors>
				<Anchor point="center" relativePoint="center" relativeTo="Root">
					<AbsPoint x="0" y="150" />
				</Anchor>
			</Anchors>
			
			<Windows>
				<Label name="$parentText" textalign="center" font="font_clear_large_bold" handleinput="false">
					<Anchors>
						<Anchor point="topleft" relativePoint="topleft" />
						<Anchor point="bottomright" relativePoint="bottomright" />
					</Anchors>
					<Color r="255" g="255" b="100" a="255" />
				</Label>
			</Windows>
		</Window>
				
	</Windows>
</Interface>