<?xml version="1.0" encoding="UTF-8"?>
<Interface xmlns:xsi="http://www.w3.org/2001/XMLSchema-instance" xsi:noNamespaceSchemaLocation="../../Interface.xsd">
	<Windows>
	
		<Window name="EnemyKillSpam_RowTemplate">
			<Size>
				<AbsPoint x="365" y="20" />
			</Size>
			<Windows>
				<FullResizeImage name="$parentFlash" inherits="EA_FullResizeImage_TintableSolidBackground" handleinput="false">
					<Anchors>
						<Anchor point="topleft" relativePoint="topleft" relativeTo="$parent" />
						<Anchor point="bottomright" relativePoint="bottomright" relativeTo="$parent" />
					</Anchors>
				</FullResizeImage>
				<Label name="$parentName" font="font_clear_medium_bold" handleinput="false">
					<Size>
						<AbsPoint x="265" y="20" />
					</Size>
					<Anchors>
						<Anchor>
							<AbsPoint x="0" y="0" />
						</Anchor>
					</Anchors>
				</Label>
				<Label name="$parentDestrCount" textalign="center" maxchars="10" font="font_clear_medium_bold" handleinput="false">
					<Size>
						<AbsPoint x="50" y="20" />
					</Size>
					<Anchors>
						<Anchor point="right" relativePoint="left" relativeTo="$parentName">
							<AbsPoint x="0" y="0" />
						</Anchor>
					</Anchors>
				</Label>
				<Label name="$parentOrderCount" textalign="center" maxchars="10" font="font_clear_medium_bold" handleinput="false">
					<Size>
						<AbsPoint x="50" y="20" />
					</Size>
					<Anchors>
						<Anchor point="right" relativePoint="left" relativeTo="$parentDestrCount">
							<AbsPoint x="0" y="0" />
						</Anchor>
					</Anchors>
				</Label>
			</Windows>
			<EventHandlers>
				<EventHandler event="OnLButtonUp" function="Enemy.KillSpamUI_KillSpamDialog_OnRowLButtonUp" />
				<EventHandler event="OnRButtonUp" function="Enemy.KillSpamUI_KillSpamDialog_OnRowRButtonUp" />
				<EventHandler event="OnMouseOver" function="Enemy.KillSpamUI_KillSpamDialog_OnRowMouseOver" />
			</EventHandlers>
		</Window>

		<Window name="EnemyKillSpam_AreaStatsRowTemplate">
			<Size>
				<AbsPoint x="300" y="20" />
			</Size>
			<Windows>
				<FullResizeImage name="$parentFlash" inherits="EA_FullResizeImage_TintableSolidBackground" handleinput="false">
					<Size>
						<AbsPoint x="300" y="20" />
					</Size>
					<Anchors>
						<Anchor>
							<AbsPoint x="0" y="0" />
						</Anchor>
					</Anchors>
				</FullResizeImage>
				<Label name="$parentName" font="font_clear_medium_bold" handleinput="false">
					<Size>
						<AbsPoint x="200" y="20" />
					</Size>
					<Anchors>
						<Anchor>
							<AbsPoint x="0" y="0" />
						</Anchor>
					</Anchors>
				</Label>
				<Label name="$parentKills" textalign="center" maxchars="10" font="font_clear_medium_bold" handleinput="false">
					<Size>
						<AbsPoint x="50" y="20" />
					</Size>
					<Anchors>
						<Anchor point="right" relativePoint="left" relativeTo="$parentName">
							<AbsPoint x="0" y="0" />
						</Anchor>
					</Anchors>
				</Label>
				<Label name="$parentDeaths" textalign="center" maxchars="10" font="font_clear_medium_bold" handleinput="false">
					<Size>
						<AbsPoint x="50" y="20" />
					</Size>
					<Anchors>
						<Anchor point="right" relativePoint="left" relativeTo="$parentKills">
							<AbsPoint x="0" y="0" />
						</Anchor>
					</Anchors>
				</Label>
			</Windows>
			<EventHandlers>
				<EventHandler event="OnMouseOver" function="Enemy.KillSpamUI_KillSpamAreaStatsDialog_OnRowMouseOver" />
			</EventHandlers>
		</Window>
	
		<Window name="EnemyKillSpamDialog" inherits="EA_Window_Default" movable="true" sticky="false" savesettings="true">
			<Size>
				<AbsPoint x="375" y="240" />
			</Size>
			<Anchors>
				<Anchor point="bottomright" relativePoint="topright" relativeTo="EA_Window_OverheadMapZoomSliderBar">
					<AbsPoint x="0" y="100" />
				</Anchor>
			</Anchors>
			
			<Windows>
				<!-- Init -->
				<FullResizeImage name="$parentBackground" inherits="EA_FullResizeImage_TintableSolidBackground" handleinput="false">
					<Anchors>
						<Anchor point="topleft" relativePoint="topleft" relativeTo="$parent" />
						<Anchor point="bottomright" relativePoint="bottomright" relativeTo="$parent" />
					</Anchors>
                </FullResizeImage>
				
				<!-- Content -->
				<ListBox name="$parentList" rowdef="EnemyKillSpam_RowTemplate" visiblerows="10" rowspacing="0">
					<Size>
						<AbsPoint x="365" y="200" />
					</Size>
					<Anchors>
						<Anchor point="topleft" relativePoint="topleft" relativeTo="$parent">
							<AbsPoint x="5" y="5" />
						</Anchor>
					</Anchors>

					<ListData table="Enemy.killSpamListData" populationfunction="Enemy.KillSpamUI_KillSpamDialog_OnListPopulate">
						<ListColumns>
							<ListColumn windowname="Name" variable="name" format="wstring" />
							<ListColumn windowname="DestrCount" variable="destrTotal" format="number" />
							<ListColumn windowname="OrderCount" variable="orderTotal" format="number" />
						</ListColumns>
					</ListData>
					
					<EventHandlers>
						<EventHandler event="OnMouseOver" function="Enemy.KillSpamUI_KillSpamDialog_OnMouseOver" />
						<EventHandler event="OnMouseOverEnd" function="Enemy.KillSpamUI_KillSpamDialog_OnMouseOverEnd" />
					</EventHandlers>
				</ListBox>
				
				<Label name="$parentTotal" font="font_clear_medium_bold" handleinput="true" layer="secondary">
					<Size>
						<AbsPoint x="265" y="20" />
					</Size>
					<Anchors>
						<Anchor point="bottomleft" relativePoint="bottomleft" relativeTo="$parent">
							<AbsPoint x="5" y="-5" />
						</Anchor>
					</Anchors>
					<Color r="200" g="200" b="200" a="255" />
					<EventHandlers>
						<EventHandler event="OnLButtonUp" function="Enemy.KillSpamUI_KillSpamDialog_OnTotalLButtonUp" />
						<EventHandler event="OnMouseOver" function="Enemy.KillSpamUI_KillSpamDialog_OnTotalMouseOver" />
					</EventHandlers>
				</Label>
				<Label name="$parentTotalDestr" font="font_clear_medium_bold" textalign="center" maxchars="10" handleinput="true" layer="secondary">
					<Size>
						<AbsPoint x="50" y="20" />
					</Size>
					<Anchors>
						<Anchor point="right" relativePoint="left" relativeTo="$parentTotal">
							<AbsPoint x="0" y="0" />
						</Anchor>
					</Anchors>
					<EventHandlers>
						<EventHandler event="OnLButtonUp" function="Enemy.KillSpamUI_KillSpamDialog_OnTotalLButtonUp" />
						<EventHandler event="OnMouseOver" function="Enemy.KillSpamUI_KillSpamDialog_OnTotalMouseOver" />
					</EventHandlers>
				</Label>
				<Label name="$parentTotalOrder" font="font_clear_medium_bold" textalign="center" maxchars="10" handleinput="true" layer="secondary">
					<Size>
						<AbsPoint x="50" y="20" />
					</Size>
					<Anchors>
						<Anchor point="right" relativePoint="left" relativeTo="$parentTotalDestr">
							<AbsPoint x="0" y="0" />
						</Anchor>
					</Anchors>
					<EventHandlers>
						<EventHandler event="OnLButtonUp" function="Enemy.KillSpamUI_KillSpamDialog_OnTotalLButtonUp" />
						<EventHandler event="OnMouseOver" function="Enemy.KillSpamUI_KillSpamDialog_OnTotalMouseOver" />
					</EventHandlers>
				</Label>
			</Windows>

			<EventHandlers>
				<EventHandler event="OnRButtonUp" function="Enemy.KillSpamUI_KillSpamDialog_OnRButtonUp" />
				<EventHandler event="OnLButtonDown" function="Enemy.KillSpamUI_KillSpamDialog_OnLButtonDown" />
				<EventHandler event="OnLButtonUp" function="Enemy.KillSpamUI_KillSpamDialog_OnLButtonUp" />
			</EventHandlers>
		</Window>

		<Window name="EnemyKillSpamAreaStatsDialog" inherits="EA_Window_Default" movable="true" savesettings="false">
			<Size>
				<AbsPoint x="350" y="250" />
			</Size>
			<Anchors>
				<Anchor point="center" relativePoint="center" relativeTo="Root">
					<AbsPoint x="0" y="0" />
				</Anchor>
			</Anchors>
			
			<Windows>
				<!-- Init -->
				<Window name="$parentBackground" inherits="EA_Window_DefaultFrame">
					<Anchors>
						<Anchor point="topleft" relativePoint="topleft">
							<AbsPoint x="0" y="32" />
						</Anchor>
						<Anchor point="bottomright" relativePoint="bottomright" />
					</Anchors>
				</Window>
				
				<Window name="$parentTitleBar" inherits="EA_TitleBar_Default" />
				
				<Button name="$parentClose" inherits="EA_Button_DefaultWindowClose">
					<EventHandlers>
						<EventHandler event="OnLButtonUp" function="Enemy.KillSpamUI_KillSpamAreaStatsDialog_Hide" />
					</EventHandlers>
				</Button>
				
				<!-- Content -->
				<ListBox name="$parentList" scrollbar="EA_ScrollBar_DefaultVerticalChain" rowdef="EnemyKillSpam_AreaStatsRowTemplate" visiblerows="10" rowspacing="0">
					<Size>
						<AbsPoint x="330" y="200" />
					</Size>
					<Anchors>
						<Anchor point="bottom" relativePoint="top" relativeTo="$parentTitleBar">
							<AbsPoint x="5" y="5"/>
						</Anchor>
					</Anchors>

					<ListData table="Enemy.killSpamAreaStatsListData" populationfunction="Enemy.KillSpamUI_KillSpamAreaStatsDialog_OnListPopulate">
						<ListColumns>
							<ListColumn windowname="Name" variable="name" format="wstring" />
							<ListColumn windowname="Kills" variable="kills" format="number" />
							<ListColumn windowname="Deaths" variable="deaths" format="number" />
						</ListColumns>
					</ListData>
				</ListBox>
			</Windows>
		</Window>
	</Windows>
</Interface>