<?xml version="1.0" encoding="UTF-8"?>
<Interface xmlns:xsi="http://www.w3.org/2001/XMLSchema-instance" xsi:noNamespaceSchemaLocation="../../Interface.xsd">
	<Windows>
	
		<Window name="EnemyPlayerKDR" inherits="EA_Window_Default" movable="true" savesettings="true">
			<Size>
				<AbsPoint x="50" y="30" />
			</Size>
			<Anchors>
				<Anchor point="bottomleft" relativePoint="topleft" relativeTo="PlayerWindowPortrait">
					<AbsPoint x="15" y="20" />
				</Anchor>
			</Anchors>
			
			<Windows>
				<Label name="$parentText" textalign="center" font="font_clear_small_bold" handleinput="false">
					<Anchors>
						<Anchor point="topleft" relativePoint="topleft">
							<AbsPoint x="0" y="0" />
						</Anchor>
						<Anchor point="bottomright" relativePoint="bottomright" />
					</Anchors>
				</Label>
			</Windows>

			<EventHandlers>
				<EventHandler event="OnRButtonUp" function="Enemy.KillSpamUI_PlayerKDR_OnRButtonUp" />
				<EventHandler event="OnMouseOver" function="Enemy.KillSpamUI_PlayerKDR_OnMouseOver" />
			</EventHandlers>
		</Window>
				
	</Windows>
</Interface>